event_id,event_title,event_date,article_count,unique_outlet_count,outlets_covering,representative_headline,event_summary,cluster_confidence,is_low_quality_event
EVT_00067,Social media has proven to be central to political messaging but Rahul Gandhi has a lot of catching up to do when compared to BJP chief Amit Shah.,2026-04-16,5,5,"['news18', 'india_today', 'indian_express', 'hindustan_times', 'theprint']",Social media has proven to be central to political messaging but Rahul Gandhi has a lot of catching up to do when compared to BJP chief Amit Shah.,"‘Even Chanakya would be shocked’: Priyanka Gandhi's banter with Amit Shah in Lok Sabha
Breaking into a smile herself, Priyanka Gandhi said in Lok Sabha, “the home minister is laughing, their entire plan is ready"".
Congress leader and member of Parliament Priyanka Gandhi Vadra, in a light-hearted ban...",0.49,False
EVT_00073,A charged political debate is underway on the first day of the special session of Parliament on Thursday after Union ministers Arjun Ram Meghwal and Amit Shah introduced three bills in the Lok Sabha to amend the women’s quota law and set up a delimit...,2026-04-16,6,5,"['the_new_indian_express', 'ndtv', 'the_hindu', 'theprint', 'firstpost']",A charged political debate is underway on the first day of the special session of Parliament on Thursday after Union ministers Arjun Ram Meghwal and Amit Shah introduced three bills in the Lok Sabha to amend the women’s quota law and set up a delimit...,"A charged political debate is underway on the first day of the special session of Parliament on Thursday after Union ministers Arjun Ram Meghwal and Amit Shah introduced three bills in the Lok Sabha to amend the women’s quota law and set up a delimitation commission, amid opposition protests calling...",0.41,False
EVT_00045,"Chennai: Tamil Nadu Chief Minister and DMK president M. K. Stalin Wednesday announced a black flag protest across Tamil Nadu Thursday against the Centre’s proposed delimitation exercise under the Constitutional Amendment Bill 2026. The announcement, ...",2026-04-15,7,4,"['theprint', 'the_hindu', 'the_new_indian_express', 'firstpost']","Chennai: Tamil Nadu Chief Minister and DMK president M. K. Stalin Wednesday announced a black flag protest across Tamil Nadu Thursday against the Centre’s proposed delimitation exercise under the Constitutional Amendment Bill 2026. The announcement, ...","Chennai: Tamil Nadu Chief Minister and DMK president M. K. Stalin Wednesday announced a black flag protest across Tamil Nadu Thursday against the Centre’s proposed delimitation exercise under the Constitutional Amendment Bill 2026. The announcement, made in a video on X, came after a meeting with DM...",0.4,False
EVT_00031,"NEW DELHI: The West Bengal illegal coal mining racket - origin of the ongoing ED probe against political consultancy firm I-PAC - was run by a syndicate led by Anup Majee, also known within the network as ""Lala"". At the heart of the investigation is ...",2026-04-14,6,4,"['india_today', 'indian_express', 'ndtv', 'the_times_of_india']","NEW DELHI: The West Bengal illegal coal mining racket - origin of the ongoing ED probe against political consultancy firm I-PAC - was run by a syndicate led by Anup Majee, also known within the network as ""Lala"". At the heart of the investigation is ...","After five years, Rahul gets set to begin Bengal campaign; Priyanka to follow suit
Rahul may walk a tightrope during his Bengal campaign, keeping his guns trained on BJP while refraining from mounting an all-out attack against the incumbent Mamata Banerjee-led TMC.
Leader of the Opposition (LoP) in ...",0.39,True
EVT_00062,"NEW DELHI: External affairs minister S Jaishankar Wednesday underlined India's strong commitment to safe and unimpeded transit passage of maritime shipping, saying attacks on merchant shipping were completely unacceptable.",2026-04-15,5,4,"['firstpost', 'the_times_of_india', 'hindustan_times', 'india_today']","NEW DELHI: External affairs minister S Jaishankar Wednesday underlined India's strong commitment to safe and unimpeded transit passage of maritime shipping, saying attacks on merchant shipping were completely unacceptable.","India’s External Affairs Minister S. Jaishankar on Wednesday said that attacks on merchant vessels are “completely unacceptable.” His remarks came during the ‘Azec Plus’ meeting hosted by Japan.

Jaishankar said that India remains strongly committed to ensuring safe and smooth passage for maritime s...",0.35,True
EVT_00060,Amit Shah's ‘No-Loss’ Guarantee For Southern States To Quell ‘Federal Friction’ On Delimitation,2026-04-15,5,3,"['deccan_herald', 'hindustan_times', 'news18']",Amit Shah's ‘No-Loss’ Guarantee For Southern States To Quell ‘Federal Friction’ On Delimitation,"‘Anti-national’: Opposition vows unity to defeat govt's proposal for Lok Sabha expansion
The government is set to introduce three bills –The Delimitation Bill, 2026, The Constitution Bill, 2026, and the Union Territories Laws (Amendment) Bill 2026
Opposition parties on Wednesday vowed unity to defea...",0.5,False
EVT_00055,"TCS Nashik office shut amid probe into religious conversion allegations, international links under scanner",2026-04-15,5,3,"['firstpost', 'india_today', 'hindustan_times']","TCS Nashik office shut amid probe into religious conversion allegations, international links under scanner","Police said they are probing possible funding angles and international links in the case, adding that the ATS and NIA have been informed and any emerging leads will be pursued as part of the investigation

Operations at the Tata Consultancy Services (TCS) office in Nashik have been suspended and mov...",0.47,False
EVT_00064,"Bill burnt, black flags raised: How Opposition pushed back against 3 key bills introduced in Parliament",2026-04-16,3,3,"['indian_express', 'hindustan_times', 'news18']","Bill burnt, black flags raised: How Opposition pushed back against 3 key bills introduced in Parliament","Amid firestorm over delimitation, why Parliament should rise to clear women’s quota
Will Parliament, Treasury camp and Opposition show wisdom and statesmanship to resolve the impasse? Or will women of India have to wait for another 30 years to get their due share? That is the heart of the matter.
Th...",0.38,True
EVT_00065,"‘Credit ka blank cheque’: PM Modi jibes at Oppn over women's quota bill, says ‘ready to give advertisement to anyone’",2026-04-16,7,3,"['india_today', 'news18', 'hindustan_times']","‘Credit ka blank cheque’: PM Modi jibes at Oppn over women's quota bill, says ‘ready to give advertisement to anyone’","In 37 minutes, PM turned women's quota debate into a masterclass in messaging
Prime Minister Narendra Modi steered a high-stakes Lok Sabha debate on the women's quota, blending optics with sharp political messaging as the Opposition signalled resistance through notes, nudges and coordinated response...",0.38,True
EVT_00087,"Uniform Civil Code A ""Constitutional Ambition"": Top Court On Shariat Plea",2026-04-16,2,2,"['ndtv', 'india_today']","Uniform Civil Code A ""Constitutional Ambition"": Top Court On Shariat Plea","Observing that a uniform civil code is a ""constitutional ambition"", the Supreme Court agreed on Thursday to hear a PIL challenging the constitutional validity of certain provisions of the Muslim Personal Law (Shariat) Application Act, 1937, on the ground that those are allegedly discriminatory again...",0.67,False
EVT_00110,"AAP MP attacks Centre's delimitation move, calls it unfair to Punjab",2026-04-16,2,2,"['hindustan_times', 'india_today']","AAP MP attacks Centre's delimitation move, calls it unfair to Punjab","BRS, YSRCP urge Centre to address South’s concerns on delimitation
BRS and YSR Congress support constituency delimitation but urge the Centre to ensure fair representation for southern states amid concerns over reduced seats.
Bharat Rashtra Samithi (BRS) and YSR Congress party, the major opposition ...",0.67,False
EVT_00092,"Around 100 women participated in an all-women motorcycle and scooter rally in the city on Thursday, expressing solidarity with the introduction of the Women’s Reservation Bill in the Lok Sabha. The Bill, officially titled the Nari Shakti Vandan Adhin...",2026-04-16,2,2,"['the_hindu', 'ndtv']","Around 100 women participated in an all-women motorcycle and scooter rally in the city on Thursday, expressing solidarity with the introduction of the Women’s Reservation Bill in the Lok Sabha. The Bill, officially titled the Nari Shakti Vandan Adhin...","Parliament Special Session LIVE: The Centre on Thursday introduced the Women's Reservation Bill in the Lok Sabha, marking a significant legislative move during the ongoing special session of Parliament.

Union Minister for Law and Justice Arjun Ram Meghwal initiated the debate by presenting the prop...",0.54,False
EVT_00122,"NEW DELHI: The Commission for Air Quality Management (CAQM) on Thursday imposed Stage-I measures across Delhi-NCR under the Graded Response Action Plan (GRAP) after air quality slipped into the ""poor"" category.",2026-04-16,2,2,"['the_times_of_india', 'ndtv']","NEW DELHI: The Commission for Air Quality Management (CAQM) on Thursday imposed Stage-I measures across Delhi-NCR under the Graded Response Action Plan (GRAP) after air quality slipped into the ""poor"" category.","NEW DELHI: The Commission for Air Quality Management (CAQM) on Thursday imposed Stage-I measures across Delhi-NCR under the Graded Response Action Plan (GRAP) after air quality slipped into the ""poor"" category.
“The AQI of Delhi has been showing an increasing trend owing to unfavourable meteorologic...",0.52,False
EVT_00033,"Bengaluru: Karnataka CM Siddaramaiah has ordered the ‘removal’ of his lone surviving political secretary, Naseer Ahmed, over allegations of anti-party activities and alleged funding of rebel candidates to help defeat the Congress candidate in the 9 A...",2026-04-14,2,2,"['theprint', 'the_new_indian_express']","Bengaluru: Karnataka CM Siddaramaiah has ordered the ‘removal’ of his lone surviving political secretary, Naseer Ahmed, over allegations of anti-party activities and alleged funding of rebel candidates to help defeat the Congress candidate in the 9 A...","Bengaluru: Karnataka CM Siddaramaiah has ordered the ‘removal’ of his lone surviving political secretary, Naseer Ahmed, over allegations of anti-party activities and alleged funding of rebel candidates to help defeat the Congress candidate in the 9 April Davanagere South assembly bypoll.
The order c...",0.51,False
EVT_00046,"Census 2027 begins: Over 700 officials to conduct door-to-door survey, Delhi areas divided into blocks",2026-04-15,3,2,"['news18', 'hindustan_times']","Census 2027 begins: Over 700 officials to conduct door-to-door survey, Delhi areas divided into blocks","Census 2027 begins: Over 700 officials to conduct door-to-door survey, Delhi areas divided into blocks
Officials said NDMC and DCB areas have been divided into 560 house-listing blocks, with each block covering around 180 households for the census exercise.
Over 700 trained personnel will start fiel...",0.49,False
EVT_00042,"A week to go, but where are they? Rahul Gandhi, Vijay trail in Tamil Nadu’s visibility race",2026-04-14,2,2,"['indian_express', 'india_today']","A week to go, but where are they? Rahul Gandhi, Vijay trail in Tamil Nadu’s visibility race","A week to go, but where are they? Rahul Gandhi, Vijay trail in Tamil Nadu’s visibility race
While leaders from DMK, AIADMK, and BJP intensify their efforts in the final leg of the campaign, national Congress leaders and the actor-politician have been conspicuous by their near absence.
With barely a ...",0.43,False
EVT_00066,"NEW DELHI: The Travancore Devaswom Board (TDB) on Wednesday asked a nine-judge bench of SC hearing the Sabarimala reference if despite the Constitution's making every religious denomination subject to 'public order, health and morality' and nudity in...",2026-04-16,2,2,"['the_times_of_india', 'the_hindu']","NEW DELHI: The Travancore Devaswom Board (TDB) on Wednesday asked a nine-judge bench of SC hearing the Sabarimala reference if despite the Constitution's making every religious denomination subject to 'public order, health and morality' and nudity in...","NEW DELHI: The Travancore Devaswom Board (TDB) on Wednesday asked a nine-judge bench of SC hearing the Sabarimala reference if despite the Constitution's making every religious denomination subject to 'public order, health and morality' and nudity in public being an offence, can courts ban public ap...",0.41,False
EVT_00068,"NEW DELHI: The aviation watchdog, the Directorate General of Civil Aviation, on Thursday de-rostered an officer of IGIA's Air Traffic Control (ATC) along with both the pilots operating the Spicejet aircraft involved in the collision. Sources familiar...",2026-04-16,2,2,"['the_times_of_india', 'the_new_indian_express']","NEW DELHI: The aviation watchdog, the Directorate General of Civil Aviation, on Thursday de-rostered an officer of IGIA's Air Traffic Control (ATC) along with both the pilots operating the Spicejet aircraft involved in the collision. Sources familiar...","NEW DELHI: The aviation watchdog, the Directorate General of Civil Aviation, on Thursday de-rostered an officer of IGIA's Air Traffic Control (ATC) along with both the pilots operating the Spicejet aircraft involved in the collision. Sources familiar with the issue said it was very likely that a Sur...",0.41,False
EVT_00103,"A nine-judge Constitution Bench of the Supreme Court (SC), led by Chief Justice of India Surya Kant, is currently hearing petitions relating to discrimination against women at religious places, examining the correctness and broader constitutional imp...",2026-04-16,3,2,"['the_hindu', 'the_new_indian_express']","A nine-judge Constitution Bench of the Supreme Court (SC), led by Chief Justice of India Surya Kant, is currently hearing petitions relating to discrimination against women at religious places, examining the correctness and broader constitutional imp...","NEW DELHI: The Supreme Court of India on Thursday upheld the preventive detention order passed by the Central Economic Intelligence Bureau and affirmed the Karnataka High Court order against Kannada actress Ranya Rao for allegedly smuggling gold into the country.
A bench of Justices M M Sundresh and...",0.39,True
EVT_00043,"New Delhi: Putting to rest all speculation on JD(U) chief Nitish Kumar’s son Nishant Kumar becoming the deputy chief minister of Bihar, senior JD(U) leaders Vijay Kumar Chaudhary and Bijendra Yadav took oath along with BJP’s Samrat Choudhary Wednesda...",2026-04-14,6,2,"['theprint', 'news18']","New Delhi: Putting to rest all speculation on JD(U) chief Nitish Kumar’s son Nishant Kumar becoming the deputy chief minister of Bihar, senior JD(U) leaders Vijay Kumar Chaudhary and Bijendra Yadav took oath along with BJP’s Samrat Choudhary Wednesda...","New Delhi: As Bihar’s longest-serving chief minister, Nitish Kumar, hangs up his boots, it marks the end of an era in the state’s politics—one that began with a strong push for development and a challenge to the “jungle raj” narrative, but gradually lost its sheen amid frequent shifts in political a...",0.36,True
EVT_00007,Tamil Nadu Elections 2026: Full List Of AIADMK Candidates And Their Constituencies For Assembly Polls,2026-03-19,4,2,"['news18', 'indian_express']",Tamil Nadu Elections 2026: Full List Of AIADMK Candidates And Their Constituencies For Assembly Polls,"Tamil Nadu Elections 2026: Full List Of AIADMK Candidates And Their Constituencies For Assembly Polls
AIADMK led by Edappadi K Palaniswami names 23 candidates for Tamil Nadu polls.
Tamil Nadu’s main opposition party, AIADMK, on Wednesday released its first list of 23 candidates for the State Assembl...",0.23,True
EVT_00001,Congress on Tuesday said the allocation of the Parliamentary Affairs portfolio inspires no confidence whatsoever that Prime Minister,2024-06-12,1,1,['the_times_of_india'],Congress on Tuesday said the allocation of the Parliamentary Affairs portfolio inspires no confidence whatsoever that Prime Minister,"NEW DELHI: The
Congress on Tuesday said the allocation of the Parliamentary Affairs portfolio inspires no confidence whatsoever that Prime Minister
Narendra Modi wants Parliament to function any differently than how he has run it over the past decade. The opposition party asserted the INDIA bloc is ...",1.0,False
EVT_00002,NEW DELHI: As the National Democratic Alliance (NDA) govts were installed in two more states with Chandrababu Naidu and Mohan Charan Majhi taking oaths as chief ministers in,2024-06-13,1,1,['the_times_of_india'],NEW DELHI: As the National Democratic Alliance (NDA) govts were installed in two more states with Chandrababu Naidu and Mohan Charan Majhi taking oaths as chief ministers in,"NEW DELHI: As the National Democratic Alliance (NDA) govts were installed in two more states with Chandrababu Naidu and Mohan Charan Majhi taking oaths as chief ministers in
Andhra Pradesh and
Odisha respectively,
Prime Minister Narendra Modi on Wednesday expressed confidence that the new govts will...",1.0,False
EVT_00003,"Tamil Nadu is the graveyard of national political parties. It buried the Congress at its peak then in 1967. The BJP, also at its peak now, has been pregnant with possibilities but has failed to deliver. Never a serious player in the state before the ...",2026-03-13,1,1,['india_today'],"Tamil Nadu is the graveyard of national political parties. It buried the Congress at its peak then in 1967. The BJP, also at its peak now, has been pregnant with possibilities but has failed to deliver. Never a serious player in the state before the ...","Tamil Nadu is the graveyard of national political parties. It buried the Congress at its peak then in 1967. The BJP, also at its peak now, has been pregnant with possibilities but has failed to deliver. Never a serious player in the state before the dawn of the Modi-era, the BJP has been humbled in ...",1.0,False
EVT_00004,"As Rahul invokes Kanshi Ram, a look at UP CMs in Congress era, Nehru to Indira, Rajiv",2026-03-18,1,1,['indian_express'],"As Rahul invokes Kanshi Ram, a look at UP CMs in Congress era, Nehru to Indira, Rajiv","As Rahul invokes Kanshi Ram, a look at UP CMs in Congress era, Nehru to Indira, Rajiv
During the premiership of Nehru, Indira and Rajiv, Congress appointed 10 UP CMs, all of whom belonged to upper castes, with the selection ignoring social justice or equitable representation
While addressing a “Samv...",1.0,False
EVT_00005,"Back in Rajya Sabha, can Sharad Pawar reinvent himself, script new Opposition pushback against BJP?",2026-03-19,1,1,['indian_express'],"Back in Rajya Sabha, can Sharad Pawar reinvent himself, script new Opposition pushback against BJP?","Back in Rajya Sabha, can Sharad Pawar reinvent himself, script new Opposition pushback against BJP?
By not opposing him in RS poll, BJP sought to make a goodwill gesture to the patriarch of Maharashtra politics; it may also view NCP (SP)'s eight LS MPs as a “reserve” force which might come in handy ...",1.0,False
EVT_00006,"Amid Murmu protocol row, TMC vs BJP battle flares in Bengal tribal seats",2026-03-19,1,1,['indian_express'],"Amid Murmu protocol row, TMC vs BJP battle flares in Bengal tribal seats","Amid Murmu protocol row, TMC vs BJP battle flares in Bengal tribal seats
In the state's 16 ST-reserved Assembly seats, TMC and BJP were closely matched in 2021 Assembly elections as well as 2024 Lok Sabha polls.
With the BJP calling the alleged “protocol breach” during President Droupadi Murmu’s rec...",1.0,False
EVT_00008,Baijayant Panda interview: ‘People of Assam have had enough of impunity of law-breakers … CM Sarma is very blunt about language he uses’,2026-03-22,1,1,['indian_express'],Baijayant Panda interview: ‘People of Assam have had enough of impunity of law-breakers … CM Sarma is very blunt about language he uses’,"Baijayant Panda interview: ‘People of Assam have had enough of impunity of law-breakers … CM Sarma is very blunt about language he uses’
“Sarma’s rhetoric may sound sensational but crackdown on child marriage and eviction of illegal occupation are the commonly attributed aspects of the so-called pol...",1.0,False
EVT_00011,"20 interviews, 3 days: Pinarayi Vijayan opens up in media blitz, Sabarimala to CPI(M)-BJP ‘deal’",2026-03-26,1,1,['indian_express'],"20 interviews, 3 days: Pinarayi Vijayan opens up in media blitz, Sabarimala to CPI(M)-BJP ‘deal’","20 interviews, 3 days: Pinarayi Vijayan opens up in media blitz, Sabarimala to CPI(M)-BJP ‘deal’
These interviews are being seen in political circles as part of CPI(M)'s move for Pinarayi Vijayan's image makeover on poll eve in order to project him as a “candid, accessible and transparent” stalwart
...",1.0,False
EVT_00012,Welfare or freebies? Why sops define Tamil Nadu politics,2026-03-28,1,1,['indian_express'],Welfare or freebies? Why sops define Tamil Nadu politics,"Welfare or freebies? Why sops define Tamil Nadu politics
From Annadurai’s rice promise to MGR’s noon meals and Stalin’s rights-based transfers, the state has created a culture in which voters think of welfare not as charity but as a legitimate claim.
When Edappadi K Palaniswami unveiled the AIADMK’s...",1.0,False
EVT_00013,Behind Vijay’s seat choices on poll debut: A test of personal popularity and community equations,2026-03-29,1,1,['indian_express'],Behind Vijay’s seat choices on poll debut: A test of personal popularity and community equations,"Behind Vijay’s seat choices on poll debut: A test of personal popularity and community equations
For the upcoming Tamil Nadu elections, the superstar actor’s TVK has unveiled a candidates list that includes the party’s core team as well as several new entrants who joined during an overnight ‘seat-sh...",1.0,False
EVT_00014,"87 LDF, UDF strongholds since 2011: For Kerala polls, what the data holds",2026-03-29,1,1,['indian_express'],"87 LDF, UDF strongholds since 2011: For Kerala polls, what the data holds","87 LDF, UDF strongholds since 2011: For Kerala polls, what the data holds
In the last three Kerala Assembly polls, CPI(M) and CPI bagged 39 and 12 seats respectively, while Congress and IUML each won 12 and 14 seats
In an indication of the entrenched nature of electoral politics in Kerala, an analys...",1.0,False
EVT_00015,"Amid steep travel costs, SIR fears, Bengal migrants try to return home for a vote that feels vital",2026-03-30,1,1,['indian_express'],"Amid steep travel costs, SIR fears, Bengal migrants try to return home for a vote that feels vital","Amid steep travel costs, SIR fears, Bengal migrants try to return home for a vote that feels vital
Across cities, workers from the poll-bound state weigh lost wages and high fares against anxiety about losing their voting rights.
The West Bengal Assembly elections might be just less than a month awa...",1.0,False
EVT_00017,"Adhir Chowdhury’s second act: Back to Assembly battle after 35 years, ‘starting from scratch’",2026-03-31,1,1,['indian_express'],"Adhir Chowdhury’s second act: Back to Assembly battle after 35 years, ‘starting from scratch’","Adhir Chowdhury’s second act: Back to Assembly battle after 35 years, ‘starting from scratch’
Two years after losing the Lok Sabha polls, former five-time MP faces off against former aides in ""make-or-break"" battle in Baharampur
The late P V Narasimha Rao was the Prime Minister and the late Jyoti Ba...",1.0,False
EVT_00018,"As Ashwini Bhide takes over as BMC’s first woman chief, what is Fadnavis message in breaking glass ceiling",2026-04-01,1,1,['indian_express'],"As Ashwini Bhide takes over as BMC’s first woman chief, what is Fadnavis message in breaking glass ceiling","As Ashwini Bhide takes over as BMC’s first woman chief, what is Fadnavis message in breaking glass ceiling
In January 2024, while serving as Deputy CM with Home portfolio in Shinde government, Fadnavis had also appointed Rashmi Shukla as Maharashtra's first woman DGP
With the appointment of senior I...",1.0,False
EVT_00019,"Adhir Chowdhury interview: ‘Muslims will vote either for TMC or Congress, depending on winnability index’",2026-04-04,1,1,['indian_express'],"Adhir Chowdhury interview: ‘Muslims will vote either for TMC or Congress, depending on winnability index’","Adhir Chowdhury interview: ‘Muslims will vote either for TMC or Congress, depending on winnability index’
“This (SIR row) is a mockery of democracy being done by the EC and the Mamata Banerjee government. If necessary, elections may be deferred till all genuine voters are allowed to vote,” says the ...",1.0,False
EVT_00020,"Fear and alienation in Assam: As BJP sharpens ‘infiltrator’ pitch, eviction-hit voters hope for govt change",2026-04-05,1,1,['indian_express'],"Fear and alienation in Assam: As BJP sharpens ‘infiltrator’ pitch, eviction-hit voters hope for govt change","Fear and alienation in Assam: As BJP sharpens ‘infiltrator’ pitch, eviction-hit voters hope for govt change
While some lean towards Congress, doubts persist: “No one has assurances for us ... It’s a question of our children and grandchildren”
When it rained last month, says Hasida Begum (22), the wa...",1.0,False
EVT_00021,Over 27 lakh out: EC releases first data of deletions after adjudication,2026-04-07,1,1,['indian_express'],Over 27 lakh out: EC releases first data of deletions after adjudication,"Over 27 lakh out: EC releases first data of deletions after adjudication
45% of 60 lakh under adjudication deleted; highest cut by percentage in Matua-dominated Nadia
Of the 60,06,675 names under adjudication in West Bengal after they had been left out of electoral rolls, 27,16,393, or 45.22%, stand...",1.0,False
EVT_00023,"The Trinamool Congress is expecting a tough contest in Kolkata, which has been its stronghold, now that voter rolls are almost finalised with the completion of the adjudication process.",2026-04-09,1,1,['indian_express'],"The Trinamool Congress is expecting a tough contest in Kolkata, which has been its stronghold, now that voter rolls are almost finalised with the completion of the adjudication process.","The Trinamool Congress is expecting a tough contest in Kolkata, which has been its stronghold, now that voter rolls are almost finalised with the completion of the adjudication process.
Data shared by the Election Commission of India (ECI) Tuesday showed a decrease of 6,06,563 voters across the Kolk...",1.0,False
EVT_00024,"Malda, Murshidabad seats dominate Bengal voter deletions list: Here are the top 10 constituencies",2026-04-10,1,1,['indian_express'],"Malda, Murshidabad seats dominate Bengal voter deletions list: Here are the top 10 constituencies","Malda, Murshidabad seats dominate Bengal voter deletions list: Here are the top 10 constituencies
Poll panel releases Assembly constituency-level numbers; in top 10, seven seats from Murshidabad, two from Malda, and one from South 24 Parganas.
The top 10 Assembly constituencies in West Bengal where ...",1.0,False
EVT_00025,"After Amma died, my smile faded, beginning to return now (with Stalin): OPS",2026-04-11,1,1,['indian_express'],"After Amma died, my smile faded, beginning to return now (with Stalin): OPS","After Amma died, my smile faded, beginning to return now (with Stalin): OPS
Former Tamil Nadu CM Panneerselvam says his life has not changed after joining one-time rival DMK. “The ideology and core principles were always the same.""
On an interior lane in the town of Bodinayakkanur in Theni district,...",1.0,False
EVT_00026,"<p>Thiruvananthapuram: Congress leaders on Saturday decided to refrain from naming preferred candidates for the chief minister's post to avoid differences before the announcement of the <a href=""https://www.deccanherald.com/elections/kerala/kerala-vo...",2026-04-11,1,1,['deccan_herald'],"<p>Thiruvananthapuram: Congress leaders on Saturday decided to refrain from naming preferred candidates for the chief minister's post to avoid differences before the announcement of the <a href=""https://www.deccanherald.com/elections/kerala/kerala-vo...","<p>Thiruvananthapuram: Congress leaders on Saturday decided to refrain from naming preferred candidates for the chief minister's post to avoid differences before the announcement of the <a href=""https://www.deccanherald.com/elections/kerala/kerala-votes-big-after-sir-what-turnout-in-previous-electio...",1.0,False
EVT_00032,New Delhi: The public spat between M. Hazeena Syed who stepped down as chief of the Congress’s Tamil Nadu Mahila wing and Mahila Congress National President Alka Lamba has deepened the party’s troubles in the poll-bound state. The two have traded bar...,2026-04-14,1,1,['theprint'],New Delhi: The public spat between M. Hazeena Syed who stepped down as chief of the Congress’s Tamil Nadu Mahila wing and Mahila Congress National President Alka Lamba has deepened the party’s troubles in the poll-bound state. The two have traded bar...,"New Delhi: The public spat between M. Hazeena Syed who stepped down as chief of the Congress’s Tamil Nadu Mahila wing and Mahila Congress National President Alka Lamba has deepened the party’s troubles in the poll-bound state. The two have traded barbs since 10 April, when Syed lashed out at the Con...",1.0,False
EVT_00034,"'New Govt Will Have My Full Cooperation, Guidance': Nitish Kumar In His Farewell Post",2026-04-14,1,1,['news18'],"'New Govt Will Have My Full Cooperation, Guidance': Nitish Kumar In His Farewell Post","'New Govt Will Have My Full Cooperation, Guidance': Nitish Kumar In His Farewell Post
Written By :
Last Updated:
JD(U) boss Nitish Kumar said the new BJP government is ready to look after Bihar, which will continue to prosper as a lot of good work will be done in the coming days
Rapid Read
Rapid Rea...",1.0,False
EVT_00035,"Chennai: At the brink of the Tamil Nadu Assembly elections, Chief Minister M. K. Stalin issued Tuesday a “final warning from Tamil Nadu” to the Narendra Modi government against delimitation, saying it should not be pushed in this month’s special sess...",2026-04-14,1,1,['theprint'],"Chennai: At the brink of the Tamil Nadu Assembly elections, Chief Minister M. K. Stalin issued Tuesday a “final warning from Tamil Nadu” to the Narendra Modi government against delimitation, saying it should not be pushed in this month’s special sess...","Chennai: At the brink of the Tamil Nadu Assembly elections, Chief Minister M. K. Stalin issued Tuesday a “final warning from Tamil Nadu” to the Narendra Modi government against delimitation, saying it should not be pushed in this month’s special session.
In a video statement, he issued a stern final...",1.0,False
EVT_00036,Alliance Acrobatics To Exit Strategy: Has Nitish Kumar Finally Run Out Of U-Turns?,2026-04-14,1,1,['news18'],Alliance Acrobatics To Exit Strategy: Has Nitish Kumar Finally Run Out Of U-Turns?,"Alliance Acrobatics To Exit Strategy: Has Nitish Kumar Finally Run Out Of U-Turns?
Nitish Kumar's resignation from the Bihar CM’s post on April 14 marks the end of an era for a man who famously turned the political 'U-turn' into a survival strategy
Nitish Kumar, the veteran leader of the Janata Dal ...",1.0,False
EVT_00039,"Lucknow: The revised tale of the electoral tape has not brought smiles to BJP faces in Uttar Pradesh. At least, not yet.",2026-04-14,1,1,['theprint'],"Lucknow: The revised tale of the electoral tape has not brought smiles to BJP faces in Uttar Pradesh. At least, not yet.","Lucknow: The revised tale of the electoral tape has not brought smiles to BJP faces in Uttar Pradesh. At least, not yet.
The constituency-wise breakup of voter deletions in the Special Intensive Revision (SIR) of electoral rolls in Uttar Pradesh could pose a challenge for the BJP as the largest cuts...",1.0,False
EVT_00040,"<p>Bengaluru: A 43-year-old woman, who was suffering from <a href=""https://www.deccanherald.com/tags/anxiety"">anxiety</a>, killed her 13-year-old daughter before hanging herself in Whitefield on Monday night.</p><p>The deceased have been identified a...",2026-04-14,1,1,['deccan_herald'],"<p>Bengaluru: A 43-year-old woman, who was suffering from <a href=""https://www.deccanherald.com/tags/anxiety"">anxiety</a>, killed her 13-year-old daughter before hanging herself in Whitefield on Monday night.</p><p>The deceased have been identified a...","<p>Bengaluru: A 43-year-old woman, who was suffering from <a href=""https://www.deccanherald.com/tags/anxiety"">anxiety</a>, killed her 13-year-old daughter before hanging herself in Whitefield on Monday night.</p><p>The deceased have been identified as Suvarna and her daughter Tarunya, who was studyi...",1.0,False
EVT_00044,3 dead in Delhi's Rohini warehouse fire as blaze spreads to nearby huts,2026-04-15,1,1,['firstpost'],3 dead in Delhi's Rohini warehouse fire as blaze spreads to nearby huts,"A fire in a plastic warehouse in Rohini spread rapidly to nearby huts, leaving three people dead

Authorities have not yet identified the exact cause of the fire (Representational Image)

A fire in a warehouse in the Mangeram Park area of Delhi’s Rohini claimed three lives in the early hours of Wedn...",1.0,False
EVT_00047,"<p>Mumbai: Is <a href=""https://www.deccanherald.com/india/maharashtra/congress-slams-shiv-sena-ubt-for-accusing-it-of-using-regional-allies-as-crutches-3957675"">Shiv Sena (UBT)</a> chief Uddhav Thackeray is carving out a larger role for his son Aadit...",2026-04-15,1,1,['deccan_herald'],"<p>Mumbai: Is <a href=""https://www.deccanherald.com/india/maharashtra/congress-slams-shiv-sena-ubt-for-accusing-it-of-using-regional-allies-as-crutches-3957675"">Shiv Sena (UBT)</a> chief Uddhav Thackeray is carving out a larger role for his son Aadit...","<p>Mumbai: Is <a href=""https://www.deccanherald.com/india/maharashtra/congress-slams-shiv-sena-ubt-for-accusing-it-of-using-regional-allies-as-crutches-3957675"">Shiv Sena (UBT)</a> chief Uddhav Thackeray is carving out a larger role for his son Aaditya at a time when the party is going through its w...",1.0,False
EVT_00048,"AAP Alleges Raghav Chadha Met BJP Leaders, Sought ED Raid On Party MP Ashok Mittal",2026-04-15,1,1,['news18'],"AAP Alleges Raghav Chadha Met BJP Leaders, Sought ED Raid On Party MP Ashok Mittal","AAP Alleges Raghav Chadha Met BJP Leaders, Sought ED Raid On Party MP Ashok Mittal
AAP alleged that Chadha had, in a recent meeting with top BJP leaders, requested action against Mittal and also sought Z+ security cover for himself.
The Aam Aadmi Party (AAP) on Wednesday levelled serious allegations...",1.0,False
EVT_00049,CBSE Class 10 result: Delhi toppers adopt concept-based study over rote learning,2026-04-16,1,1,['hindustan_times'],CBSE Class 10 result: Delhi toppers adopt concept-based study over rote learning,"CBSE Class 10 result: Delhi toppers adopt concept-based study over rote learning
Danishtha Chandila, aged 15, a student of ITL Public School, Dwarka, scored 100% in Social Science and said she used a concept-oriented approach.
The national capital recorded an overall pass percentage of 97.38% in the...",1.0,False
EVT_00051,India-US trade push resumes as global tariffs shift; delegation to visit Washington next week,2026-04-15,1,1,['firstpost'],India-US trade push resumes as global tariffs shift; delegation to visit Washington next week,"An official delegation from India will travel to Washington next week for fresh trade talks with US. The visit comes at a time when both countries are working to finalise the framework for a bilateral trade agreement.

An official delegation from India will travel to Washington next week for fresh t...",1.0,False
EVT_00052,"TCS Nashik probe widens: 3 more women likely to file FIRs in abuse, religious conversion case",2026-04-15,1,1,['firstpost'],"TCS Nashik probe widens: 3 more women likely to file FIRs in abuse, religious conversion case","In a major development in the TCS Nashik case, three more women come forward and are likely to file FIRs, taking the total to 12–14, as the probe widens into allegations of sexual harassment, coercion and forced religious conversion.

In a major development in the ongoing Tata Consultancy Services’ ...",1.0,False
EVT_00053,Hyderabad: A poor show in Telangana’s 2023 assembly elections and persistent demands from the Bharat Rashtra Samithi rank and file to revert to the party’s original name has pressed working president KT Rama Rao (KTR) to announce that the party is li...,2026-04-15,1,1,['theprint'],Hyderabad: A poor show in Telangana’s 2023 assembly elections and persistent demands from the Bharat Rashtra Samithi rank and file to revert to the party’s original name has pressed working president KT Rama Rao (KTR) to announce that the party is li...,Hyderabad: A poor show in Telangana’s 2023 assembly elections and persistent demands from the Bharat Rashtra Samithi rank and file to revert to the party’s original name has pressed working president KT Rama Rao (KTR) to announce that the party is likely to call itself Telangana Rashtra Samithi once...,1.0,False
EVT_00054,"Convene assembly to discuss delimitation within 48 hrs, Naveen Patnaik asks CM",2026-04-15,1,1,['hindustan_times'],"Convene assembly to discuss delimitation within 48 hrs, Naveen Patnaik asks CM","Convene assembly to discuss delimitation within 48 hrs, Naveen Patnaik asks CM
Patnaik reiterated BJD’s support for women’s political representation, and that it has backed measures to expand women’s participation in governance
Biju Janata Dal (BJD) chief Naveen Patnaik on Wednesday asked chief mini...",1.0,False
EVT_00058,"Nandigram (West Bengal): Nineteen years after violent land acquisition protests drove away the then Left government’s planned chemical hub in West Bengal’s Nandigram, the sleepy fishing village is slowly opening its doors to industry again.",2026-04-15,1,1,['theprint'],"Nandigram (West Bengal): Nineteen years after violent land acquisition protests drove away the then Left government’s planned chemical hub in West Bengal’s Nandigram, the sleepy fishing village is slowly opening its doors to industry again.","Nandigram (West Bengal): Nineteen years after violent land acquisition protests drove away the then Left government’s planned chemical hub in West Bengal’s Nandigram, the sleepy fishing village is slowly opening its doors to industry again.
Since the land agitation that paved the way for Mamata Bane...",1.0,False
EVT_00059,US envoy kicks off America's 250th I-Day celebrations with Trump posters on Indian autorickshaws,2026-04-15,1,1,['firstpost'],US envoy kicks off America's 250th I-Day celebrations with Trump posters on Indian autorickshaws,"The United States embassy has sparked a significant public backlash in New Delhi following the launch of a “freedom” branded fleet of electric rickshaws amidst a worsening global energy crisis.

In a move intended to symbolise burgeoning bilateral cooperation, the United States embassy in New Delhi ...",1.0,False
EVT_00061,23 arrested over stone-pelting at Ambedkar Jayanti procession in UP's Kasganj,2026-04-15,1,1,['hindustan_times'],23 arrested over stone-pelting at Ambedkar Jayanti procession in UP's Kasganj,"23 arrested over stone-pelting at Ambedkar Jayanti procession in UP's Kasganj
District Magistrate Pranay Singh said an FIR has been lodged against 38 people, of whom 23 have been arrested.
Twenty-three people, including five women, were arrested in connection with stone-pelting at an Ambedkar Jayant...",1.0,False
EVT_00063,India’s LPG crisis may take up to 4 years to ease amid Hormuz disruption: Report,2026-04-16,1,1,['firstpost'],India’s LPG crisis may take up to 4 years to ease amid Hormuz disruption: Report,"India’s LPG supply disruption could take up to four years to normalise amid Hormuz blockade, with damaged Gulf infrastructure, limited storage, and heavy import reliance worsening shortages and price pressures

A worker unloads liquefied petroleum gas (LPG) cooking cylinders from a supply truck outs...",1.0,False
EVT_00070,"PM Modi Speaks To French President, Discusses Middle East, Starit Of Hormuz",2026-04-16,1,1,['ndtv'],"PM Modi Speaks To French President, Discusses Middle East, Starit Of Hormuz","Prime Minister Narendra Modi spoke with French President Emmanuel Macron and discussed the situation in West Asia, with both leaders emphasising the need to urgently restore safety and freedom of navigation in the Strait of Hormuz.

In a post on X about his telephonic conversation with Macron, Prime...",1.0,False
EVT_00072,"UPA-era census used for delimitation, so why object? Smriti Irani to opposition",2026-04-16,1,1,['india_today'],"UPA-era census used for delimitation, so why object? Smriti Irani to opposition","UPA-era census used for delimitation, so why object? Smriti Irani to opposition
Smriti Irani said the government's position has remained unchanged since 2023, that the rollout of women's quota was tied to the completion of a census and subsequent delimitation exercise, accusing the opposition of a v...",1.0,False
EVT_00074,Women's Reservation Bill To Remain A Post-Dated Cheque Forever: K Kavitha,2026-04-16,1,1,['ndtv'],Women's Reservation Bill To Remain A Post-Dated Cheque Forever: K Kavitha,"Telangana Jagruthi chief K Kavitha on Thursday demanded delinking of the delimitation exercise -- which intends to redraw parliamentary constituency boundaries to reflect population changes -- with the Women's Reservation Bill, alleging that the BJP-led central government lacks ""sincerity"" regarding...",1.0,False
EVT_00075,"SRINAGAR: The Jammu and Kashmir Police’s State Investigation Agency (SIA) on Thursday filed a chargesheet against 10 accused, including four doctors, in an inter-state white-collar militant module case, which includes Dr Umar Nabi, alleged to have ca...",2026-04-16,1,1,['the_new_indian_express'],"SRINAGAR: The Jammu and Kashmir Police’s State Investigation Agency (SIA) on Thursday filed a chargesheet against 10 accused, including four doctors, in an inter-state white-collar militant module case, which includes Dr Umar Nabi, alleged to have ca...","SRINAGAR: The Jammu and Kashmir Police’s State Investigation Agency (SIA) on Thursday filed a chargesheet against 10 accused, including four doctors, in an inter-state white-collar militant module case, which includes Dr Umar Nabi, alleged to have carried out a deadly car bombing in Delhi last Novem...",1.0,False
EVT_00076,NEW DELHI: Around 12 lakh households across 11 states and Union Territories have self-enumerated so far for the houselisting operations (HLO) phase of Census 2027. More than half of these households availed of the self-enumeration facility in the pas...,2026-04-16,1,1,['the_times_of_india'],NEW DELHI: Around 12 lakh households across 11 states and Union Territories have self-enumerated so far for the houselisting operations (HLO) phase of Census 2027. More than half of these households availed of the self-enumeration facility in the pas...,"NEW DELHI: Around 12 lakh households across 11 states and Union Territories have self-enumerated so far for the houselisting operations (HLO) phase of Census 2027. More than half of these households availed of the self-enumeration facility in the past four-five days.
With the conclusion of the 15-da...",1.0,False
EVT_00077,"BJP president Nitin Nabin, 15 others sworn in as Rajya Sabha members",2026-04-16,1,1,['hindustan_times'],"BJP president Nitin Nabin, 15 others sworn in as Rajya Sabha members","BJP president Nitin Nabin, 15 others sworn in as Rajya Sabha members
Vice-President of India and Chairman of Rajya Sabha C P Radhakrishnan administered the oath to the 16 newly elected/re-elected members of Rajya Sabha.
BJP national president Nitin Nabin, Union minister Ram Nath Thakur and senior Co...",1.0,False
EVT_00079,"8th pay commission: Salary increase, pension boost and fitment factor explained",2026-04-16,1,1,['hindustan_times'],"8th pay commission: Salary increase, pension boost and fitment factor explained","8th pay commission: Salary increase, pension boost and fitment factor explained
Pay Commissions are constituted every 10 years to revise the pay structure of central government employees and pensioners.
The Centre’s move to set up the 8th Pay Commission has once again put the spotlight on salaries, ...",1.0,False
EVT_00080,"Competition Panel Rejects Complaint Against Adani Group, Azure Power In Solar Tender Case",2026-04-16,1,1,['ndtv'],"Competition Panel Rejects Complaint Against Adani Group, Azure Power In Solar Tender Case","Fair trade regulator CCI on Thursday rejected a complaint alleging anti-competitive practices by Adani Group entities, Azure Power, and others in a solar power tender floated by the Solar Energy Corporation of India (SECI).

The complainant had alleged that Adani Enterprises Ltd, Adani Green Energy ...",1.0,False
EVT_00082,New Delhi: A Delhi court on Wednesday took cognisance of charges against businessman,2026-04-16,1,1,['the_times_of_india'],New Delhi: A Delhi court on Wednesday took cognisance of charges against businessman,"New Delhi: A Delhi court on Wednesday took cognisance of charges against businessman
Robert Vadra in a money laundering case linked to the Shikohpur land deal in Gurgaon, directing him and eight other accused to appear on May 16, reports Koushiki Saha.
ED's prosecution complaint (equivalent to a cha...",1.0,False
EVT_00083,The Heritage Education and Communication Service (HECS) division of Indian National Trust for Art and Cultural Heritage (INTACH) is organising an all-India poster competition ‘Tree of Life’ for school students of Classes 7 to 9. The competition will ...,2026-04-16,1,1,['the_hindu'],The Heritage Education and Communication Service (HECS) division of Indian National Trust for Art and Cultural Heritage (INTACH) is organising an all-India poster competition ‘Tree of Life’ for school students of Classes 7 to 9. The competition will ...,"The Heritage Education and Communication Service (HECS) division of Indian National Trust for Art and Cultural Heritage (INTACH) is organising an all-India poster competition ‘Tree of Life’ for school students of Classes 7 to 9. The competition will be held at the Saraswati Vilasom Palace, West Fort...",1.0,False
EVT_00085,Indian Oil Corporation Limited has increased Auto LPG supplies to Bengaluru by nearly 300% in response to a sharp surge in demand caused by disruptions in private sector supply chains.,2026-04-16,1,1,['the_hindu'],Indian Oil Corporation Limited has increased Auto LPG supplies to Bengaluru by nearly 300% in response to a sharp surge in demand caused by disruptions in private sector supply chains.,"Indian Oil Corporation Limited has increased Auto LPG supplies to Bengaluru by nearly 300% in response to a sharp surge in demand caused by disruptions in private sector supply chains.
According to a release, the company supplied 75.53 metric tonnes (MT) of Auto LPG in the city on April 15, a jump f...",1.0,False
EVT_00086,India calls special session of Parliament to give women 33% quota in legislatures,2026-04-16,1,1,['firstpost'],India calls special session of Parliament to give women 33% quota in legislatures,"The provision to provide 33 per cent reservation to women in the Lok Sabha and state assemblies was brought by amending the Constitution in 2023, but it will come into effect after the completion of the delimitation exercise on the basis of the 2027 Census

Members in the Lok Sabha during the second...",1.0,False
EVT_00088,"SpiceJet Plane Winglet Breaks, Gets Stuck In Akasa Jet It Hit In Delhi",2026-04-16,1,1,['ndtv'],"SpiceJet Plane Winglet Breaks, Gets Stuck In Akasa Jet It Hit In Delhi","A SpiceJet plane was taxiing at Delhi airport at around 2:15 pm on Thursday when it hit a stationary Akasa aircraft, resulting in a minor collision that resulted in damage to the two planes. No one was injured in the accident.

The Directorate General of Civil Aviation (DGCA) in a statement said tha...",1.0,False
EVT_00090,"Schools under the Central Board of Secondary Education (CBSE) in Ernakulam district fared well in Class 10 examinations, the results of which were declared on Wednesday.",2026-04-16,1,1,['the_hindu'],"Schools under the Central Board of Secondary Education (CBSE) in Ernakulam district fared well in Class 10 examinations, the results of which were declared on Wednesday.","Schools under the Central Board of Secondary Education (CBSE) in Ernakulam district fared well in Class 10 examinations, the results of which were declared on Wednesday.
Most of the schools recorded 100% pass rate. The results in the order of name of the school and the number of students who excelle...",1.0,False
EVT_00091,Parliament Special Session Live | Women Reservation Act 2023 comes into force: Govt notification,2026-04-16,1,1,['deccan_herald'],Parliament Special Session Live | Women Reservation Act 2023 comes into force: Govt notification,"Parliament Special Session Live | Women Reservation Act 2023 comes into force: Govt notification
Hello readers, the Parliament reconvened today at 11 am for a 3-day special session to introduce three major bills including one for delimitation that will increase the number of Lok Sabha seats from 550...",1.0,False
EVT_00093,"Priyanka Gandhi Vadra took aim at the Centre in the Lok Sabha on Thursday while speaking on the proposed women’s reservation bill, using a sharp Chanakya reference that drew laughter from Union home minister",2026-04-16,1,1,['the_times_of_india'],"Priyanka Gandhi Vadra took aim at the Centre in the Lok Sabha on Thursday while speaking on the proposed women’s reservation bill, using a sharp Chanakya reference that drew laughter from Union home minister","NEW DELHI: Congress leader
Priyanka Gandhi Vadra took aim at the Centre in the Lok Sabha on Thursday while speaking on the proposed women’s reservation bill, using a sharp Chanakya reference that drew laughter from Union home minister
Amit Shah himself and the treasury bench MPs.
Backing the idea of...",1.0,False
EVT_00094,"NEW DELHI: The Food Safety and Standards Authority of India (FSSAI) on Thursday directed states to conduct intensified inspections and strict vigilance to curb illegal fruit ripening agents in fruits like mangoes, bananas, and papayas.",2026-04-16,1,1,['the_new_indian_express'],"NEW DELHI: The Food Safety and Standards Authority of India (FSSAI) on Thursday directed states to conduct intensified inspections and strict vigilance to curb illegal fruit ripening agents in fruits like mangoes, bananas, and papayas.","NEW DELHI: The Food Safety and Standards Authority of India (FSSAI) on Thursday directed states to conduct intensified inspections and strict vigilance to curb illegal fruit ripening agents in fruits like mangoes, bananas, and papayas.
It said that such illegal practices pose serious health risks su...",1.0,False
EVT_00095,"Bhopal Woman, 64, Duped Of Rs 26 Lakh In Digital Arrest Fraud",2026-04-16,1,1,['ndtv'],"Bhopal Woman, 64, Duped Of Rs 26 Lakh In Digital Arrest Fraud","A 64-year-old woman from Bhopal was psychologically trapped and duped of Rs 25.65 lakh in a ""digital arrest"" fraud by cyber imposters posing as top security officials.

The case, which has now drawn national attention, was initially registered by the Bhopal Cyber Police in November 2025 after Aruna ...",1.0,False
EVT_00096,"The vehicle involved in the accident in which eight persons were killed near Chilakaladona in Yemmiganur police limits had passed the Dharmapuram toll plaza minutes before the commencement of the `Face Wash and Go,’ police programme on Thursday.",2026-04-16,1,1,['the_hindu'],"The vehicle involved in the accident in which eight persons were killed near Chilakaladona in Yemmiganur police limits had passed the Dharmapuram toll plaza minutes before the commencement of the `Face Wash and Go,’ police programme on Thursday.",":
The vehicle involved in the accident in which eight persons were killed near Chilakaladona in Yemmiganur police limits had passed the Dharmapuram toll plaza minutes before the commencement of the `Face Wash and Go,’ police programme on Thursday.
The `Face Wash and Go’ programme, initiated by the A...",1.0,False
EVT_00097,Delhi Police nabs 'romance swindler' who duped over 500 women of crores,2026-04-16,1,1,['hindustan_times'],Delhi Police nabs 'romance swindler' who duped over 500 women of crores,"Delhi Police nabs 'romance swindler' who duped over 500 women of crores
Delhi Police nabs 'romance swindler' who duped over 500 women of crores
New Delhi, Doctor, lawyer, film producer, model, businessman behind many online personas is a 35-year-old man who allegedly duped over 500 women across the ...",1.0,False
EVT_00098,'Pressured Women To Join Them In Hotels': Big Claim In TCS 'Conversion' Case,2026-04-16,1,1,['ndtv'],'Pressured Women To Join Them In Hotels': Big Claim In TCS 'Conversion' Case,A former employee of Tata Consultancy Services (TCS) has told NDTV that team leaders at the company's Nashik office used their desks not for official work but to exploit female colleagues mentally and morally. The claims describe a conversion syndicate and a sexual harassment network operating insid...,1.0,False
EVT_00099,Congress’s Gaurav Gogoi accuses govt of using women quota for political gains,2026-04-16,1,1,['hindustan_times'],Congress’s Gaurav Gogoi accuses govt of using women quota for political gains,"Congress’s Gaurav Gogoi accuses govt of using women quota for political gains
Congress lawmaker Gaurav Gogoi said that the government intended to weaponise delimitation for political gain, as was done in Assam and Jammu and Kashmir
Congress lawmaker Gaurav Gogoi on Thursday accused the government of...",1.0,False
EVT_00100,Is Suvendu Adhikari BJP's Chief Minister Face In Bengal? What He Told NDTV,2026-04-16,1,1,['ndtv'],Is Suvendu Adhikari BJP's Chief Minister Face In Bengal? What He Told NDTV,"Suvendu Adhikari, former aide of Chief Minister Mamata Banerjee and now the face of the BJP in Bengal, is seen by many as the party's Chief Ministerial candidate. The BJP is yet to make an announcement, but many within and outside the party consider it a mere formality in case they comes to power in...",1.0,False
EVT_00101,Court convicts Congress MLA in 2016 murder case in Karnataka,2026-04-16,1,1,['hindustan_times'],Court convicts Congress MLA in 2016 murder case in Karnataka,"Court convicts Congress MLA in 2016 murder case in Karnataka
Congress MLA Vinay Kulkarni and 18 others were convicted in the 2016 murder of BJP leader Yogesh Gowda, concluding a lengthy investigation.
A special court for MPs and MLAs convicted Congress MLA Vinay Kulkarni and 18 others on Wednesday i...",1.0,False
EVT_00102,"""I Was Blaring Siren, Why Didn't You Move?"" MLA's Son After Ramming 5 With Thar",2026-04-16,1,1,['ndtv'],"""I Was Blaring Siren, Why Didn't You Move?"" MLA's Son After Ramming 5 With Thar","In a brazen display of privilege and power, a BJP MLA's son in Madhya Pradesh's Shivpuri allegedly rammed five people with his Thar SUV and then blamed them for not clearing the road despite him blaring a siren.

Dinesh Lodhi, the son of Pichhore MLA Pritam Lodhi, allegedly rammed three people on a ...",1.0,False
EVT_00104,"Delhi acid attack accused had ‘bouts of anger’, was under depression treatment",2026-04-16,1,1,['hindustan_times'],"Delhi acid attack accused had ‘bouts of anger’, was under depression treatment","Delhi acid attack accused had ‘bouts of anger’, was under depression treatment
The accused was allegedly in love with the neighbour's fiance, and therefore could not accept the victim's marriage.
The 26-year-old Delhi woman who attacked her 21-year-old neighbour with acid was undergoing treatment fo...",1.0,False
EVT_00105,Delhi University student alleges bias over ‘sleeveless suit’ at ‘Nari Shakti’ event,2026-04-16,1,1,['hindustan_times'],Delhi University student alleges bias over ‘sleeveless suit’ at ‘Nari Shakti’ event,"Delhi University student alleges bias over ‘sleeveless suit’ at ‘Nari Shakti’ event
In the video, Sharma is seen wearing the same outfit she had on at the event, which was a sleeveless suit.
A student of Delhi University’s Daulat Ram College has claimed that she was denied entry on stage to facilita...",1.0,False
EVT_00106,"Massive fire ravages luxury cottages near Goa's Ajoba Temple, losses in crores",2026-04-16,1,1,['india_today'],"Massive fire ravages luxury cottages near Goa's Ajoba Temple, losses in crores","Massive fire ravages luxury cottages near Goa's Ajoba Temple, losses in crores
A devastating fire tore through luxury cottages near Ajoba Temple in North Goa's Ashwem-Mandrem area, with flames spreading rapidly and causing massive losses while raising concerns over emergency response delays.
A massi...",1.0,False
EVT_00107,"Ram Janmabhoomi judgment endorsing Hindus' belief that the disputed site at Ayodhya was Lord Ram's birthplace, Travancore Devaswom Board on Wednesday told",2026-04-16,1,1,['the_times_of_india'],"Ram Janmabhoomi judgment endorsing Hindus' belief that the disputed site at Ayodhya was Lord Ram's birthplace, Travancore Devaswom Board on Wednesday told","NEW DELHI: Citing the
Ram Janmabhoomi judgment endorsing Hindus' belief that the disputed site at Ayodhya was Lord Ram's birthplace, Travancore Devaswom Board on Wednesday told
Supreme Court that an individual's fundamental right must give way to centuries-old beliefs and the faith of a religious de...",1.0,False
EVT_00108,"DMK, SPA alliance raise black flags, protest against proposed delimitation bill",2026-04-16,1,1,['hindustan_times'],"DMK, SPA alliance raise black flags, protest against proposed delimitation bill","DMK, SPA alliance raise black flags, protest against proposed delimitation bill
DMK President MK Stalin raised a black flag and also burnt the copy of the delimitation bill at the residence of a party functionary in Namakkal
The ruling Dravida Munnetra Kazhagam-led Secular Progressive Alliance (SPA)...",1.0,False
EVT_00109,"NEW DELHI: The number of domestic LPG refill bookings has fallen to nearly 43-44 lakh in April from a peak of about 89 lakh in mid-March, easing pressure on cooking gas supplies, reports Atul Mathur.",2026-04-16,1,1,['the_times_of_india'],"NEW DELHI: The number of domestic LPG refill bookings has fallen to nearly 43-44 lakh in April from a peak of about 89 lakh in mid-March, easing pressure on cooking gas supplies, reports Atul Mathur.","NEW DELHI: The number of domestic LPG refill bookings has fallen to nearly 43-44 lakh in April from a peak of about 89 lakh in mid-March, easing pressure on cooking gas supplies, reports Atul Mathur.
According to govt data, refill bookings have remained below 50 lakh cylinders since April 3, falling...",1.0,False
EVT_00113,"District Collector M. Abhishikth Kishore, Police Commissioner Shanka Brata Bagchi and GVMC Commissioner Ketan Garg on Thursday inspected arrangements for the annual Chandanotsavam at the Sri Varaha Lakshmi Narasimha Swamy temple in Simhachalam, sched...",2026-04-16,1,1,['the_hindu'],"District Collector M. Abhishikth Kishore, Police Commissioner Shanka Brata Bagchi and GVMC Commissioner Ketan Garg on Thursday inspected arrangements for the annual Chandanotsavam at the Sri Varaha Lakshmi Narasimha Swamy temple in Simhachalam, sched...","District Collector M. Abhishikth Kishore, Police Commissioner Shanka Brata Bagchi and GVMC Commissioner Ketan Garg on Thursday inspected arrangements for the annual Chandanotsavam at the Sri Varaha Lakshmi Narasimha Swamy temple in Simhachalam, scheduled for April 20. The Collector stressed effectiv...",1.0,False
EVT_00114,"RANCHI: Another security personnel was injured in a Maoist-triggered IED blast during an ongoing encounter in the Saranda forests of West Singhbhum on Thursday, taking the total number of injured jawans to six since the gunfight began at 8 am on Wedn...",2026-04-16,1,1,['the_new_indian_express'],"RANCHI: Another security personnel was injured in a Maoist-triggered IED blast during an ongoing encounter in the Saranda forests of West Singhbhum on Thursday, taking the total number of injured jawans to six since the gunfight began at 8 am on Wedn...","RANCHI: Another security personnel was injured in a Maoist-triggered IED blast during an ongoing encounter in the Saranda forests of West Singhbhum on Thursday, taking the total number of injured jawans to six since the gunfight began at 8 am on Wednesday.
According to police sources, security force...",1.0,False
EVT_00115,"Probe Agency Raids 32nd Avenue Group In Rs 500 Crore Scam, Seizes Cash, Gold",2026-04-16,1,1,['ndtv'],"Probe Agency Raids 32nd Avenue Group In Rs 500 Crore Scam, Seizes Cash, Gold","In fresh action in a Rs 500 crore ponzi scheme fraud, the ED searched seven premises across Delhi-NCR, Goa, Jaipur and Mumbai linked to 32nd Avenue Group and seized Rs 1.05 crore cash and jewellery items worth Rs 1.5 crore, an official said on Thursday.

The search operation against the company's pr...",1.0,False
EVT_00116,"2 Children Die, 3 Hospitalised After Inhaling Pesticide Fumes In Ujjain",2026-04-16,1,1,['ndtv'],"2 Children Die, 3 Hospitalised After Inhaling Pesticide Fumes In Ujjain","In a tragic incident in Madhya Pradesh's Ujjain, two young girls lost their lives and three other children were hospitalsied after inhaling toxic fumes from pesticides applied to wheat stored inside a house, officials said.

The incident took place in the Triveni Hills area on Indore Road, plunging ...",1.0,False
EVT_00117,"Discount for saying ‘Jai Shri Ram’: Kolkata doctor offers unique offer for patients, draws medical body's ire",2026-04-16,1,1,['hindustan_times'],"Discount for saying ‘Jai Shri Ram’: Kolkata doctor offers unique offer for patients, draws medical body's ire","Discount for saying ‘Jai Shri Ram’: Kolkata doctor offers unique offer for patients, draws medical body's ire
Dr PK Hazra said any patient visiting him for consultation and saying ‘Jai Shri Ram’ will receive a discount of ₹500.
A doctor from West Bengal's Kolkata has come up with a unique initiative...",1.0,False
EVT_00118,'Democracy Over If This Is Passed': Priyanka Gandhi On 'Injustice' To OBCs In Women's Quota Bill,2026-04-16,1,1,['news18'],'Democracy Over If This Is Passed': Priyanka Gandhi On 'Injustice' To OBCs In Women's Quota Bill,"'Democracy Over If This Is Passed': Priyanka Gandhi On 'Injustice' To OBCs In Women's Quota Bill
Pointedly responding to PM Narendra Modi's address on the women's quota bill earlier, Congress MP Priyanka Gandhi said in reality this legislation has nothing to do with women
Senior Congress leader Priy...",1.0,False
EVT_00119,Textile hub Bhiwandi under strain as Iran war impact triggers industry collapse fears,2026-04-16,1,1,['india_today'],Textile hub Bhiwandi under strain as Iran war impact triggers industry collapse fears,"Textile hub Bhiwandi under strain as Iran war impact triggers industry collapse fears
Bhiwandi's powerloom industry is under severe strain as the West Asia conflict drives up yarn costs, triggers labour migration, and forces shutdowns, with stakeholders warning of massive losses and calling for urge...",1.0,False
EVT_00120,'Jee Lo Apni Zindagi': Kangana Ranaut's DDLJ Reference In Women's Bill Debate,2026-04-16,1,1,['ndtv'],'Jee Lo Apni Zindagi': Kangana Ranaut's DDLJ Reference In Women's Bill Debate,"BJP MP Kangana Ranaut on Thursday used a Bollywood reference to criticise the Congress party for questioning the government's decision to introduce a bill amending the women's reservation law, and asked why the opposition had allowed the issue to remain unresolved for three decades while it was in p...",1.0,False
EVT_00121,Chhattisgarh power plant blast toll hits 20 as 7 more workers die,2026-04-16,1,1,['hindustan_times'],Chhattisgarh power plant blast toll hits 20 as 7 more workers die,"Chhattisgarh power plant blast toll hits 20 as 7 more workers die
Officials said four workers died on the spot, while nine others succumbed to injuries soon after the incident. Seven more workers later died in hospitals.
The death toll in the blast at a Vedanta power plant in Chhattisgarh’s Sakti di...",1.0,False
EVT_00123,"A road accident occurred near the Undavalli Caves in Tadepalli mandal in Amaravati capital city area of Guntur district on Thursday, leaving several passengers injured.",2026-04-16,1,1,['the_hindu'],"A road accident occurred near the Undavalli Caves in Tadepalli mandal in Amaravati capital city area of Guntur district on Thursday, leaving several passengers injured.","A road accident occurred near the Undavalli Caves in Tadepalli mandal in Amaravati capital city area of Guntur district on Thursday, leaving several passengers injured.
According to preliminary information, an APSRTC bus carrying passengers was hit by a bus belonging to VVIT Deemed to be University ...",1.0,False
EVT_00124,"Contrasting the burst of light and revelry that mark Vishu elsewhere, a pall of gloom hovered above a humble house tucked into a hillside in Kottamala, near Uzhamalakkal, in Thiruvananthapuram.",2026-04-16,1,1,['the_hindu'],"Contrasting the burst of light and revelry that mark Vishu elsewhere, a pall of gloom hovered above a humble house tucked into a hillside in Kottamala, near Uzhamalakkal, in Thiruvananthapuram.","Contrasting the burst of light and revelry that mark Vishu elsewhere, a pall of gloom hovered above a humble house tucked into a hillside in Kottamala, near Uzhamalakkal, in Thiruvananthapuram.
The neighbours had lit lamps and arranged their ‘vishukkani’, as the homes all around stirred with the pro...",1.0,False
EVT_00125,"Nida Khan, on the run, is not HR head but telecaller at TCS Nashik unit: Sources",2026-04-16,1,1,['india_today'],"Nida Khan, on the run, is not HR head but telecaller at TCS Nashik unit: Sources","Nida Khan, on the run, is not HR head but telecaller at TCS Nashik unit: Sources
Sources told Business Today, India Today's sister site, that Nida Khan is not the HR head but a telecaller at the TCS Nashik BPO unit. The unit has been at the centre of a major scandal involving sex harassment and forc...",1.0,False
EVT_00126,"Woman Backs Out Of Divorce Settlement, Irked Top Court Dissolves Marriage",2026-04-16,1,1,['ndtv'],"Woman Backs Out Of Divorce Settlement, Irked Top Court Dissolves Marriage","A woman who negotiated a divorce settlement and then changed her mind about the divorce, had her marriage dissolved by an irked Supreme Court, which said changing one's mind at that stage is unacceptable.

The court said in cases of mutual divorce, any party can withdraw its consent before the final...",1.0,False
EVT_00127,"NEW DELHI: A cleric has been arrested in the Amroha triple talaq and halala case nearly three months after the matter first came into focus, with the survivor alleging that he facilitated a Feb 2025 nikah using a fake document that led to her gang ra...",2026-04-16,1,1,['the_times_of_india'],"NEW DELHI: A cleric has been arrested in the Amroha triple talaq and halala case nearly three months after the matter first came into focus, with the survivor alleging that he facilitated a Feb 2025 nikah using a fake document that led to her gang ra...","NEW DELHI: A cleric has been arrested in the Amroha triple talaq and halala case nearly three months after the matter first came into focus, with the survivor alleging that he facilitated a Feb 2025 nikah using a fake document that led to her gang rape under the pretext of halala. The woman, who sai...",1.0,False
EVT_00128,"The Peoples’ Democratic Party (PDP) cautioned against moves to push for religion-based delimitation on Thursday, pointing out that “J&K and Assam are victims of the lopsided delimitation process held recently”.",2026-04-16,1,1,['the_hindu'],"The Peoples’ Democratic Party (PDP) cautioned against moves to push for religion-based delimitation on Thursday, pointing out that “J&K and Assam are victims of the lopsided delimitation process held recently”.","The Peoples’ Democratic Party (PDP) cautioned against moves to push for religion-based delimitation on Thursday, pointing out that “J&K and Assam are victims of the lopsided delimitation process held recently”.
“J&K and Assam are victims of the delimitation process held in 2022. In J&K, the Kashmir ...",1.0,False
EVT_00129,"The Karnataka Rohith Vemula (Prevention of Discrimination, Exclusion or Injustice) (Right to Education and Dignity) Bill, 2026, which had been widely debated but stuck in red tape for long, was cleared by the Cabinet on Thursday.",2026-04-16,1,1,['the_hindu'],"The Karnataka Rohith Vemula (Prevention of Discrimination, Exclusion or Injustice) (Right to Education and Dignity) Bill, 2026, which had been widely debated but stuck in red tape for long, was cleared by the Cabinet on Thursday.","The Karnataka Rohith Vemula (Prevention of Discrimination, Exclusion or Injustice) (Right to Education and Dignity) Bill, 2026, which had been widely debated but stuck in red tape for long, was cleared by the Cabinet on Thursday.
Law and Parliamentary Affairs Minister H.K. Patil, brienfing the press...",1.0,False
EVT_00130,"Samajwadi Party president Akhilesh Yadav on Thursday (April 16, 2026) asked the Union government to operationalise the women’s reservation law only after completing the caste census, accusing the ruling Bharatiya Janata Party (BJP) of reducing “nari”...",2026-04-16,1,1,['the_hindu'],"Samajwadi Party president Akhilesh Yadav on Thursday (April 16, 2026) asked the Union government to operationalise the women’s reservation law only after completing the caste census, accusing the ruling Bharatiya Janata Party (BJP) of reducing “nari”...","Samajwadi Party president Akhilesh Yadav on Thursday (April 16, 2026) asked the Union government to operationalise the women’s reservation law only after completing the caste census, accusing the ruling Bharatiya Janata Party (BJP) of reducing “nari” (women) to a mere “nara” (slogan).
Participating ...",1.0,False
EVT_00131,"As many as 2,839 students from Andhra Pradesh have passed the National Programme on Technology Enhanced Learning (NPTEL) examination on ‘Introduction to Quantum Computing: Quantum Algorithms and Qiskit’.",2026-04-16,1,1,['the_hindu'],"As many as 2,839 students from Andhra Pradesh have passed the National Programme on Technology Enhanced Learning (NPTEL) examination on ‘Introduction to Quantum Computing: Quantum Algorithms and Qiskit’.","As many as 2,839 students from Andhra Pradesh have passed the National Programme on Technology Enhanced Learning (NPTEL) examination on ‘Introduction to Quantum Computing: Quantum Algorithms and Qiskit’.
A statement issued by Andhra Pradesh State Council of Higher Education (APSCHE) on Thursday said...",1.0,False
EVT_00132,"<p>New Delhi: On a day Lok Sabha started a debate on amending the existing 33% women's quota law passed thirty-one months ago, the government on Thursday notified that the provisions of the 'Nari Shakti Vandan Adhiniyam' came into force.</p><p>It was...",2026-04-17,1,1,['deccan_herald'],"<p>New Delhi: On a day Lok Sabha started a debate on amending the existing 33% women's quota law passed thirty-one months ago, the government on Thursday notified that the provisions of the 'Nari Shakti Vandan Adhiniyam' came into force.</p><p>It was...","<p>New Delhi: On a day Lok Sabha started a debate on amending the existing 33% women's quota law passed thirty-one months ago, the government on Thursday notified that the provisions of the 'Nari Shakti Vandan Adhiniyam' came into force.</p><p>It was immediately not known why it was notified with ef...",1.0,False
EVT_00133,A team of the Madhya Pradesh (MP) police arrived in the city to investigate a case registered in connection with the marriage of a woman — alleged to be a minor since then — whose video from the Maha Kumbh Mela had gone viral.,2026-04-17,1,1,['the_hindu'],A team of the Madhya Pradesh (MP) police arrived in the city to investigate a case registered in connection with the marriage of a woman — alleged to be a minor since then — whose video from the Maha Kumbh Mela had gone viral.,"A team of the Madhya Pradesh (MP) police arrived in the city to investigate a case registered in connection with the marriage of a woman — alleged to be a minor since then — whose video from the Maha Kumbh Mela had gone viral.
The woman, who married in Kerala after the local authorities reportedly v...",1.0,False
EVT_00134,2014 Andhra bifurcation worse than Partition: Tejasvi Surya's remark sparks row,2026-04-17,1,1,['india_today'],2014 Andhra bifurcation worse than Partition: Tejasvi Surya's remark sparks row,"2014 Andhra bifurcation worse than Partition: Tejasvi Surya's remark sparks row
A political row broke out after Bengaluru South BJP MP Tejasvi Surya remarked that the Congress-led UPA's 2014 bifurcation of undivided Andhra Pradesh into Telangana and Andhra Pradesh was carried out in a manner ""worse ...",1.0,False
EVT_00136,- Women’s reservation to delimitation: Focus on 3 key bills in Lok Sabha today; why they matter,,1,1,['the_times_of_india'],- Women’s reservation to delimitation: Focus on 3 key bills in Lok Sabha today; why they matter,"- Women’s reservation to delimitation: Focus on 3 key bills in Lok Sabha today; why they matter
- 75% locals for garbage collection; LMC decides after corporators uproar
- Papon: Missing Assam, but not the spirit of Bihu
- Himanta wife passport row: Why SC stayed Pawan Khera’s transit anticipatory b...",1.0,False
EVT_00138,- Delhi CM worships at Tirumala; hails TTD’s AI powered integrated command control centre,,1,1,['the_times_of_india'],- Delhi CM worships at Tirumala; hails TTD’s AI powered integrated command control centre,"Amaravati NEWS
- Delhi CM worships at Tirumala; hails TTD’s AI powered integrated command control centre
- 4 killed and 12 critically injured in a detonators cum cylinder blast in Andhra Pradesh
- Derogatory social media posts on CM lands Jagan’s CPRO in police net
- ‘Entered house, slit her throat’...",1.0,False
EVT_00139,Delimitation bill triggers black flag protests in Tamil Nadu,,1,1,['india_today'],Delimitation bill triggers black flag protests in Tamil Nadu,"Tamil Nadu News
Delimitation bill triggers black flag protests in Tamil Nadu
A major political controversy has erupted over the proposed delimitation bill, triggering widespread protests across southern states.
A major political controversy has erupted over the proposed delimitation bill, triggering...",1.0,False
EVT_00140,"The party that won the Ambala and Sonipat Lok Sabha seats in May 2024, but lost the Assembly polls there five months later, heads into civic elections with little room for error.",,1,1,['theprint'],"The party that won the Ambala and Sonipat Lok Sabha seats in May 2024, but lost the Assembly polls there five months later, heads into civic elections with little room for error.","The party that won the Ambala and Sonipat Lok Sabha seats in May 2024, but lost the Assembly polls there five months later, heads into civic elections with little room for error.
Film dialogues, cinema-inspired memes & metaphors are often deployed by politicians & parties to target rivals. Increasin...",1.0,False
EVT_00141,"India News: Latest Updates, Breaking Headlines, and In-Depth Coverage from Across the Nation.",,1,1,['firstpost'],"India News: Latest Updates, Breaking Headlines, and In-Depth Coverage from Across the Nation.","India News - Page 30

Private sector slows as employment generation stalls at its weakest phase HSBC's flash India Composite Purchasing Managers' Index (PMI), compiled by S&P Global, fell to 58.9 this month, down from 59.7 in November. Although the reading remains comfortably above the 50-mark separ...",1.0,False
EVT_00142,Get real-time updates and result insights on the CBSE 12 Result 2026.,,1,1,['the_times_of_india'],Get real-time updates and result insights on the CBSE 12 Result 2026.,"India News
Get real-time updates and result insights on the CBSE 12 Result 2026.
- Tamil Nadu elections 2026: Will TVK’s solo gamble split votes or fulfil Vijay’s CM dream?
- Supreme Court questions limits of judicial scrutiny under Article 25
- Women quota bill: Opposition, govt spar over delimitat...",1.0,False
EVT_00144,"India News: Latest Updates, Breaking Headlines, and In-Depth Coverage from Across the Nation.",,1,1,['firstpost'],"India News: Latest Updates, Breaking Headlines, and In-Depth Coverage from Across the Nation.","India News - Page 3

West Asia ceasefire: Eight reasons why India is watching every move from the sidelines The announcement of a two-week ceasefire in West Asia conflict has brought temporary relief to global energy markets. However, along with that, it has also brought a set of complex geopolitica...",1.0,False
EVT_00145,"- B’deshi woman, Indian hubby held for running lodge with fake papers",,1,1,['the_times_of_india'],"- B’deshi woman, Indian hubby held for running lodge with fake papers","- B’deshi woman, Indian hubby held for running lodge with fake papers
- Five dogs rescued from circus in Chhattisgarh district after joint raid by PETA India, police
- Kiran Pisda stars with goals, saves to power Chhattisgarh into KITG football final
- How Maoism Lost The Battle & What’ll Keep It Do...",1.0,False
EVT_00149,"TRS rebranded itself in October 2022 as BRS with an aim to reach out to a wider audience in the country, 8 yrs after forming govt for the first time since Telangana’s creation in 2014.",,1,1,['theprint'],"TRS rebranded itself in October 2022 as BRS with an aim to reach out to a wider audience in the country, 8 yrs after forming govt for the first time since Telangana’s creation in 2014.","TRS rebranded itself in October 2022 as BRS with an aim to reach out to a wider audience in the country, 8 yrs after forming govt for the first time since Telangana’s creation in 2014.
Choudhary is the first BJP CM of Bihar. His elevation marks the end of an era dominated by Nitish Kumar's 'sushasan...",1.0,False
EVT_00152,"Activists are up in arms over the government's plan to tax sanitary pads at the same level as cheese, cell phones and frozen meat products under the Goods and Services Tax. And there may be at least two legal petitions challenging this decision.",,1,1,['theprint'],"Activists are up in arms over the government's plan to tax sanitary pads at the same level as cheese, cell phones and frozen meat products under the Goods and Services Tax. And there may be at least two legal petitions challenging this decision.","Activists are up in arms over the government's plan to tax sanitary pads at the same level as cheese, cell phones and frozen meat products under the Goods and Services Tax. And there may be at least two legal petitions challenging this decision.
KAVEESHA KOHLI
Nearly three months on, 8 of 15 suspect...",1.0,False
EVT_00154,- Doctor from Bihar killed in road accident on Bahadrabad–Delhi highway,,1,1,['the_times_of_india'],- Doctor from Bihar killed in road accident on Bahadrabad–Delhi highway,"- Doctor from Bihar killed in road accident on Bahadrabad–Delhi highway
- Further accelerate pace of PNG provisioning: CS
- Curtain Call: Bihar's longest-serving CM Nitish resigns
- Samrat Choudhary’s rise reflects BJP’s long game in Bihar politics
- Repeat Offender Arrested for Sexually Assaulting ...",1.0,False
EVT_00155,Leaders such as Chidambaram and Jyotiraditya Scindia did not want the party to boycott the GST launch. But the line of Sonia and Rahul prevailed.,,1,1,['theprint'],Leaders such as Chidambaram and Jyotiraditya Scindia did not want the party to boycott the GST launch. But the line of Sonia and Rahul prevailed.,"Leaders such as Chidambaram and Jyotiraditya Scindia did not want the party to boycott the GST launch. But the line of Sonia and Rahul prevailed.
RUHI TEWARI
Full text of the interview with outgoing Central Election Commissioner Dr Nasim Zaidi (You can read the edited excerpts here) :
How do you loo...",1.0,False
EVT_00156,Get real-time updates and result insights on the CBSE 12 Result 2026.,,1,1,['the_times_of_india'],Get real-time updates and result insights on the CBSE 12 Result 2026.,"India News
Get real-time updates and result insights on the CBSE 12 Result 2026.
- Delhi government to launch high-tech labs in four ITIs soon: CM Rekha Gupta
- 'Smells of politics': Priyanka Gandhi targets PM Modi over women's quota bill, says delimitation plan 'attack on democracy'
- 'AQI in poor ...",1.0,False
EVT_00157,Get real-time updates and result insights on the CBSE 12 Result 2026.,,1,1,['the_times_of_india'],Get real-time updates and result insights on the CBSE 12 Result 2026.,"India News
Get real-time updates and result insights on the CBSE 12 Result 2026.
- India flags mental health, lifestyle diseases as new BRICS priorities
- ICMR rings the belly alarm: India’s waistline on the run
- Expanding permanent category with veto critical to real reform of UNSC: India
- Women’...",1.0,False
EVT_00159,"ThePrint visited Murshidabad, Cooch Behar, Malda, Nadia, Kolkata, Nandigram, where some decisions by Mamata haven't gone down well with community that has traditionally supported TMC.",,1,1,['theprint'],"ThePrint visited Murshidabad, Cooch Behar, Malda, Nadia, Kolkata, Nandigram, where some decisions by Mamata haven't gone down well with community that has traditionally supported TMC.","ThePrint visited Murshidabad, Cooch Behar, Malda, Nadia, Kolkata, Nandigram, where some decisions by Mamata haven't gone down well with community that has traditionally supported TMC.
The agency rejected Kejriwal’s allegation of ‘ideological bias’, calling his plea for the judge’s recusal in the exc...",1.0,False
EVT_00161,Get real-time updates and result insights on the CBSE 12 Result 2026.,,1,1,['the_times_of_india'],Get real-time updates and result insights on the CBSE 12 Result 2026.,"India News
Get real-time updates and result insights on the CBSE 12 Result 2026.
- Evening news wrap: PM Modi says no state to face injustice in delimitation, Mamata alleges BJP 'planting bombs' in Bengal and more
- Delhi airport mishap: Taxiing SpiceJet aircraft collides with stationary Akasa plane...",1.0,False
EVT_00164,"Would the world look different if we had more women leading us? More parliamentarians, more scientists and more authors, whose voices were heard?",,1,1,['the_times_of_india'],"Would the world look different if we had more women leading us? More parliamentarians, more scientists and more authors, whose voices were heard?","Would the world look different if we had more women leading us? More parliamentarians, more scientists and more authors, whose voices were heard?
Yes, our world would look significantly different and better. The absence of patriarchal systems would reshape societal structures, relationships, and lif...",1.0,False
EVT_00171,"Kerala Elections 2026 |Sumanth Raman: Pinarayi Has A Had A Great Run, Considering He Has Had 2 Terms",2026-04-09,1,1,['news18'],"Kerala Elections 2026 |Sumanth Raman: Pinarayi Has A Had A Great Run, Considering He Has Had 2 Terms","Kerala Elections 2026 |Sumanth Raman: Pinarayi Has A Had A Great Run, Considering He Has Had 2 Terms
Politics
Sumanth Raman: The Kerala CM has a had a great run, considering he has had two terms, but there is no charismatic successor on the horizonRao: Keralam seems to be in a political flux, unlike...",1.0,False
EVT_00172,Nashik Horror Unfolds: HR Manager Nida Khan Accused of Running Corporate Grooming Racket ?,2026-04-15,1,1,['news18'],Nashik Horror Unfolds: HR Manager Nida Khan Accused of Running Corporate Grooming Racket ?,"Nashik Horror Unfolds: HR Manager Nida Khan Accused of Running Corporate Grooming Racket ?
Politics
Shocking revelations emerge from Nashik as an HR manager, Nida Khan, is accused of masterminding a corporate grooming gang targeting vulnerable women. Investigations reveal systemic exploitation and i...",1.0,False
EVT_00173,"Parth Pawar Takes Oath as Rajya Sabha MP in New Delhi | ""For Baramati & My Father"" | News18",2026-04-10,1,1,['news18'],"Parth Pawar Takes Oath as Rajya Sabha MP in New Delhi | ""For Baramati & My Father"" | News18","Parth Pawar Takes Oath as Rajya Sabha MP in New Delhi | ""For Baramati & My Father"" | News18
Politics
Ajit Pawar’s son takes oath as Rajya Sabha MP, calls it an “emotional and proud moment”Remembers late father’s legacy, thanks Baramati, party leaders and family for their support. n18oc_politicsNews1...",1.0,False
EVT_00174,"Bihar Election Results 2025 Live Updates: PM Modi hails NDA landslide, says people have voted for a developed and prosperous state",2025-11-14,1,1,['firstpost'],"Bihar Election Results 2025 Live Updates: PM Modi hails NDA landslide, says people have voted for a developed and prosperous state","Before launching into the Bihar assembly elections, the celebrated former poll strategist Prashant Kishor had made two predictions, one about his Jan Suraaj Party and the other about the JD(U), of which he is a former national vice president.

His prediction of “arsh par ya farsh par” (either sky hi...",1.0,False
EVT_00175,"India News, Latest News in India, Latest Breaking News India, Indian States and Cities Headlines",,1,1,['firstpost'],"India News, Latest News in India, Latest Breaking News India, Indian States and Cities Headlines","From Kerala to Punjab, 10 Indian states that have banned Coldrif cough syrup

New Unesco heritage sites: India’s seven fresh additions

Mumbai’s second airport to open September-end: Here are 9 features to watch out for

Vice presidential elections 2025: Fast facts on CP Radhakrishnan and B Sudersha...",1.0,False
EVT_00078,"NEW DELHI: Noting that it is the honour which is the most important thing for a defence personnel, Supreme Court on Wednesday directed that a septuagenarian former Indian Air Force pilot, who had to face an ignominious exit from the service 33 years ...",2026-04-16,2,1,['the_times_of_india'],"NEW DELHI: Noting that it is the honour which is the most important thing for a defence personnel, Supreme Court on Wednesday directed that a septuagenarian former Indian Air Force pilot, who had to face an ignominious exit from the service 33 years ...","NEW DELHI: Noting that it is the honour which is the most important thing for a defence personnel, Supreme Court on Wednesday directed that a septuagenarian former Indian Air Force pilot, who had to face an ignominious exit from the service 33 years back, be now given a farewell with honour as his d...",0.55,False
EVT_00038,India steps up West Asia diplomacy: Jaishankar speaks to global partners on Iran crisis,2026-04-14,2,1,['firstpost'],India steps up West Asia diplomacy: Jaishankar speaks to global partners on Iran crisis,"India has stepped up its diplomatic outreach amid the ongoing West Asia crisis, with External Affairs Minister S. Jaishankar holding a series of conversations with key global and regional partners.

India has stepped up its diplomatic outreach amid the ongoing West Asia crisis, with External Affairs...",0.54,False
EVT_00030,Samrat Choudhary's Political Journey: From Rabri Devi's Minister To Bihar Chief Minister | Full Timeline,2026-04-14,6,1,['news18'],Samrat Choudhary's Political Journey: From Rabri Devi's Minister To Bihar Chief Minister | Full Timeline,"Samrat Choudhary's Political Journey: From Rabri Devi's Minister To Bihar Chief Minister | Full Timeline
BJP leader Samrat Choudhary will be sworn in as the 23rd chief minister of Bihar tomorrow, signalling a new era of ""saffron"" politics in the heart of the Hindi belt
In what is being described as ...",0.53,False
EVT_00056,China surpasses US as India's largest trading partner in FY26; trade gap swells to $112 billion,2026-04-15,2,1,['hindustan_times'],China surpasses US as India's largest trading partner in FY26; trade gap swells to $112 billion,"Chief negotiator Darpan Jain-led India team to visit US from April 20 for trade talks
While the two sides have remained engaged virtually, this will be the first in-person meeting of the negotiating teams in two-three months.
A team of Indian officials led by chief negotiator Darpan Jain will visit ...",0.52,False
EVT_00111,"Couple, 2-year-old die after fire traps family inside locked home in Delhi's Rohini",2026-04-16,2,1,['hindustan_times'],"Couple, 2-year-old die after fire traps family inside locked home in Delhi's Rohini","Akasa, SpiceJet aircraft involved in minor collision at Delhi airport
The incident took place at around 2.15 pm near Terminal 1, when the Akasa flight was being taxied out from the stand.
A SpiceJet aircraft was involved in a minor collision with an Akasa Air plane on the runway at the Indira Gandhi...",0.52,False
EVT_00010,"Asaduddin Owaisi’s Bengal entry, tie-up with Humayun Kabir add new variable in minority seat equations",2026-03-24,4,1,['indian_express'],"Asaduddin Owaisi’s Bengal entry, tie-up with Humayun Kabir add new variable in minority seat equations","13 lakh, 8 lakh or 14 lakh deletions? EC still quiet, different numbers fuel anxiety in Bengal
The Indian Express visits houses of 11 whose names have been deleted, in the few booths where Supplementary Lists have been put up after adjudication.
Standing outside her house, 43-year-old Rashida Bibi o...",0.5,False
EVT_00084,"The State government on Thursday issued a notification extending the tenure of M.A. Saleem, a 1993 batch Indian Police Service officer, as the Director-General and Inspector-General of Police (Head of the Police Force), Karnataka, till August 29, 202...",2026-04-16,3,1,['the_hindu'],"The State government on Thursday issued a notification extending the tenure of M.A. Saleem, a 1993 batch Indian Police Service officer, as the Director-General and Inspector-General of Police (Head of the Police Force), Karnataka, till August 29, 202...","The vexed issue of internal reservation among the Scheduled Castes is expected to come up for discussion, and a possible decision is likely to be taken during the next Cabinet meeting, even as the State government on Thursday set up a technical committee under Chief Secretary to recommend a possible...",0.47,False
EVT_00016,"Badruddin Ajmal at a crossroads: As Assam Muslims move away, AIUDF faces a litmus test",2026-03-31,2,1,['indian_express'],"Badruddin Ajmal at a crossroads: As Assam Muslims move away, AIUDF faces a litmus test","In Assam’s seat of power, how BJP’s internal faultlines have surfaced
Pradyut Bordoloi’s Dispur entry sparks dissent in ruling party; sitting MLA mollified, but old guard member rebels, contesting as Independent.
Two weeks ago, when former Congress leader Pradyot Bordoloi’s resignation from the part...",0.46,False
EVT_00041,"<p>New Delhi: Prime Minister <a href=""https://www.deccanherald.com/tags/narendra-modi"">Narendra Modi</a> on Tuesday asserted that the NDA government is committed to delivering true social justice to every poor person, adding that the policies and dec...",2026-04-14,3,1,['deccan_herald'],"<p>New Delhi: Prime Minister <a href=""https://www.deccanherald.com/tags/narendra-modi"">Narendra Modi</a> on Tuesday asserted that the NDA government is committed to delivering true social justice to every poor person, adding that the policies and dec...","<p>New Delhi: Prime Minister <a href=""https://www.deccanherald.com/tags/narendra-modi"">Narendra Modi</a> on Tuesday asserted that the NDA government is committed to delivering true social justice to every poor person, adding that the policies and decisions of the BJP-led Central government over the ...",0.46,False
EVT_00071,Uttarandhra Backward Classes Association President and TDP senior leader Muddada Madhu on Thursday said that appointment of Minister for IT and Education Nara Lokesh as the TDP Working President would further strengthen the party.,2026-04-16,2,1,['the_hindu'],Uttarandhra Backward Classes Association President and TDP senior leader Muddada Madhu on Thursday said that appointment of Minister for IT and Education Nara Lokesh as the TDP Working President would further strengthen the party.,"Minister for Human Resource Development Nara Lokesh on Thursday instructed the officials to assign basic infrastructure works in government schools to School Management Committees (SMCs) and ensure their speedy completion.
Addressing a review meeting with senior officials from the School Education a...",0.38,True
EVT_00137,"India News: Latest Updates, Breaking Headlines, and In-Depth Coverage from Across the Nation.",,2,1,['firstpost'],"India News: Latest Updates, Breaking Headlines, and In-Depth Coverage from Across the Nation.","India News - Page 2

Beyond the battlefield: Indian peacekeepers lead rescue after DR Congo fire Indian Army peacekeepers deployed under the United Nations stepped in swiftly to rescue civilians after a fire broke out in the city of Goma in the Democratic Republic of Congo, highlighting their role b...",0.38,True
EVT_00081,"The scientific biomining operations to completely clear the century-old legacy waste mound at Njeliyanparamba, which has long been an environmental concern for residents of Kozhikode, are making progress.",2026-04-16,2,1,['the_hindu'],"The scientific biomining operations to completely clear the century-old legacy waste mound at Njeliyanparamba, which has long been an environmental concern for residents of Kozhikode, are making progress.","The scientific biomining operations to completely clear the century-old legacy waste mound at Njeliyanparamba, which has long been an environmental concern for residents of Kozhikode, are making progress.
According to officials of the Kerala Solid Waste Management Project (KSWMP), once the waste is ...",0.37,True
