article_id,event_id,passage_id,entity_mention,canonical_target
06be4ffdd05a777c,EVT_00064,06be4ffdd05a777c_p004,BJP,BJP
06be4ffdd05a777c,EVT_00064,06be4ffdd05a777c_p004,Tamil Nadu,Tamil Nadu
06be4ffdd05a777c,EVT_00064,06be4ffdd05a777c_p004,Bengal,Bengal
06be4ffdd05a777c,EVT_00064,06be4ffdd05a777c_p007,Narendra Modi,BJP
06be4ffdd05a777c,EVT_00064,06be4ffdd05a777c_p010,BJP,BJP
06be4ffdd05a777c,EVT_00064,06be4ffdd05a777c_p010,Mamata,Mamata Banerjee
06be4ffdd05a777c,EVT_00064,06be4ffdd05a777c_p012,government,BJP
06be4ffdd05a777c,EVT_00064,06be4ffdd05a777c_p012,women’s quota legislation,BJP
06be4ffdd05a777c,EVT_00064,06be4ffdd05a777c_p014,BJP,BJP
06be4ffdd05a777c,EVT_00064,06be4ffdd05a777c_p014,Mamata Banerjee,Mamata Banerjee
06be4ffdd05a777c,EVT_00064,06be4ffdd05a777c_p014,Tamil Nadu,Tamil Nadu
06be4ffdd05a777c,EVT_00064,06be4ffdd05a777c_p015,Bengal,Bengal
06be4ffdd05a777c,EVT_00064,06be4ffdd05a777c_p015,Mamata Banerjee,Banerjee
079dc3924a4e4b1f,EVT_00043,079dc3924a4e4b1f_p002,JD(U) sources,JD(U)
079dc3924a4e4b1f,EVT_00043,079dc3924a4e4b1f_p002,JD(U),JD(U)
079dc3924a4e4b1f,EVT_00043,079dc3924a4e4b1f_p002,Nishant Kumar,NishantKumar
079dc3924a4e4b1f,EVT_00043,079dc3924a4e4b1f_p002,Bijendra Prasad Yadav,BijendraYadav
079dc3924a4e4b1f,EVT_00043,079dc3924a4e4b1f_p002,Vijay Kumar Chaudhary,VijayChaudhary
079dc3924a4e4b1f,EVT_00043,079dc3924a4e4b1f_p004,Nishant (44),NishantKumar
079dc3924a4e4b1f,EVT_00043,079dc3924a4e4b1f_p004,Nitish Kumar,BijendraYadav
079dc3924a4e4b1f,EVT_00043,079dc3924a4e4b1f_p008,BJP,BJP
079dc3924a4e4b1f,EVT_00043,079dc3924a4e4b1f_p008,JD(U),JD
079dc3924a4e4b1f,EVT_00043,079dc3924a4e4b1f_p008,BijendraYadav,BijendraYadav
079dc3924a4e4b1f,EVT_00043,079dc3924a4e4b1f_p016,Nitish Kumar,JD
079dc3924a4e4b1f,EVT_00043,079dc3924a4e4b1f_p016,Nishant Kumar,NishantKumar
0d8449891529e10d,EVT_00065,0d8449891529e10d_p004,PM Modi,Modi
0d8449891529e10d,EVT_00065,0d8449891529e10d_p006,PM Modi,Modi
0d8449891529e10d,EVT_00065,0d8449891529e10d_p006,Congress,Congress
0d8449891529e10d,EVT_00065,0d8449891529e10d_p008,Prime Minister,Modi
0d8449891529e10d,EVT_00065,0d8449891529e10d_p021,PM Modi,Modi
0d8449891529e10d,EVT_00065,0d8449891529e10d_p023,PM Modi,Modi
0d8449891529e10d,EVT_00065,0d8449891529e10d_p023,Congress,Congress
0d8449891529e10d,EVT_00065,0d8449891529e10d_p025,PM Modi,Modi
0e912ba37dc01642,EVT_00067,0e912ba37dc01642_p002,BJP,BJP
0e912ba37dc01642,EVT_00067,0e912ba37dc01642_p003,INDIA bloc,INDIA
0e912ba37dc01642,EVT_00067,0e912ba37dc01642_p003,NDA,NDA
0e912ba37dc01642,EVT_00067,0e912ba37dc01642_p005,Amit Shah,SHAH
0e912ba37dc01642,EVT_00067,0e912ba37dc01642_p013,BJP,BJP
0e912ba37dc01642,EVT_00067,0e912ba37dc01642_p013,NDA,NDA
0e912ba37dc01642,EVT_00067,0e912ba37dc01642_p013,SHAH,SHAH
0fc1c0c556ba1a0e,EVT_00045,0fc1c0c556ba1a0e_p001,M. K. Stalin,MK Stalin
0fc1c0c556ba1a0e,EVT_00045,0fc1c0c556ba1a0e_p001,DMK,DMK
0fc1c0c556ba1a0e,EVT_00045,0fc1c0c556ba1a0e_p002,BJP,BJP
0fc1c0c556ba1a0e,EVT_00045,0fc1c0c556ba1a0e_p004,Tamilaga Vettri Kazhagam,TVK
0fc1c0c556ba1a0e,EVT_00045,0fc1c0c556ba1a0e_p004,Vijay,Vijay
0fc1c0c556ba1a0e,EVT_00045,0fc1c0c556ba1a0e_p008,BJP,BJP
0fc1c0c556ba1a0e,EVT_00045,0fc1c0c556ba1a0e_p008,Vindhyas,Vindhyas
0fc1c0c556ba1a0e,EVT_00045,0fc1c0c556ba1a0e_p009,Stalin,MK Stalin
0fc1c0c556ba1a0e,EVT_00045,0fc1c0c556ba1a0e_p009,DMK,DMK
0fc1c0c556ba1a0e,EVT_00045,0fc1c0c556ba1a0e_p010,Stalin,MK Stalin
0fc1c0c556ba1a0e,EVT_00045,0fc1c0c556ba1a0e_p010,DMK president M. K. Stalin,MK Stalin
0fc1c0c556ba1a0e,EVT_00045,0fc1c0c556ba1a0e_p015,TVK,TVK
0fc1c0c556ba1a0e,EVT_00045,0fc1c0c556ba1a0e_p015,Tamil Nadu,TN
0fc1c0c556ba1a0e,EVT_00045,0fc1c0c556ba1a0e_p021,MK Stalin,MK Stalin
0fc1c0c556ba1a0e,EVT_00045,0fc1c0c556ba1a0e_p021,BJP,BJP
0fc1c0c556ba1a0e,EVT_00045,0fc1c0c556ba1a0e_p022,BJP leader K. Annamalai,K Annamalai
0fc1c0c556ba1a0e,EVT_00045,0fc1c0c556ba1a0e_p022,Tamil Nadu CM,MK Stalin
0fc1c0c556ba1a0e,EVT_00045,0fc1c0c556ba1a0e_p022,TN CM,MK Stalin
0fc1c0c556ba1a0e,EVT_00045,0fc1c0c556ba1a0e_p023,Telangana’s Revanth Reddy,Revanth Reddy
0fc1c0c556ba1a0e,EVT_00045,0fc1c0c556ba1a0e_p023,Karnataka’s Siddaramaiah,Siddaramaiah
1d25f29aa7fbc84b,EVT_00046,1d25f29aa7fbc84b_p011,Congress,Congress
1d25f29aa7fbc84b,EVT_00046,1d25f29aa7fbc84b_p012,Congress,Congress
1d25f29aa7fbc84b,EVT_00046,1d25f29aa7fbc84b_p012,Abdul Jabbar,Jabbar
1d25f29aa7fbc84b,EVT_00046,1d25f29aa7fbc84b_p012,party,Congress
1d25f29aa7fbc84b,EVT_00046,1d25f29aa7fbc84b_p012,party,Congress
1d25f29aa7fbc84b,EVT_00046,1d25f29aa7fbc84b_p013,Congress,Congress
1d25f29aa7fbc84b,EVT_00046,1d25f29aa7fbc84b_p013,Abdul Jabbar,Jabbar
2128a0043c15e573,EVT_00065,2128a0043c15e573_p002,PM Modi,Modi
2128a0043c15e573,EVT_00065,2128a0043c15e573_p002,the Opposition,BJP
25f0a4b9ac65eeb0,EVT_00031,25f0a4b9ac65eeb0_p007,ED,ED
25f0a4b9ac65eeb0,EVT_00031,25f0a4b9ac65eeb0_p007,I-PAC co-founder,I-PAC
25f0a4b9ac65eeb0,EVT_00031,25f0a4b9ac65eeb0_p007,coal scam probe,coal scam
25f0a4b9ac65eeb0,EVT_00031,25f0a4b9ac65eeb0_p007,All India Trinamool Congress,TMC
25f0a4b9ac65eeb0,EVT_00031,25f0a4b9ac65eeb0_p007,assembly polls,assembly
294a5225a8301673,EVT_00073,294a5225a8301673_p006,Congress,Congress
294a5225a8301673,EVT_00073,294a5225a8301673_p006,BJP,BJP
294a5225a8301673,EVT_00073,294a5225a8301673_p011,Srinivas,SRINIVAS
294a5225a8301673,EVT_00073,294a5225a8301673_p018,BJP MP Bansuri Swaraj,Swaraj
294a5225a8301673,EVT_00073,294a5225a8301673_p018,opposition leaders,Congress
294a5225a8301673,EVT_00073,294a5225a8301673_p022,Amit Shah,Shah
294a5225a8301673,EVT_00073,294a5225a8301673_p022,Lok Sabha,Lok Sabha
294a5225a8301673,EVT_00073,294a5225a8301673_p025,Congress MP Priyanka Gandhi Vadra,Congress
294a5225a8301673,EVT_00073,294a5225a8301673_p029,Congress,Congress
294a5225a8301673,EVT_00073,294a5225a8301673_p029,Prime Minister Narendra Modi,Modi
294a5225a8301673,EVT_00073,294a5225a8301673_p036,NDA,NDA
294a5225a8301673,EVT_00073,294a5225a8301673_p037,NDA,NDA
294a5225a8301673,EVT_00073,294a5225a8301673_p037,Lok Sabha members,Lok Sabha
294a5225a8301673,EVT_00073,294a5225a8301673_p043,Modi,Modi
294a5225a8301673,EVT_00073,294a5225a8301673_p045,Modi,Modi
294a5225a8301673,EVT_00073,294a5225a8301673_p046,He,Modi
294a5225a8301673,EVT_00073,294a5225a8301673_p047,He,Shah
294a5225a8301673,EVT_00073,294a5225a8301673_p048,Modi,Modi
294a5225a8301673,EVT_00073,294a5225a8301673_p050,# Narendra Modi,Modi
294a5225a8301673,EVT_00073,294a5225a8301673_p050,#Lok Sabha,Lok Sabha
294a5225a8301673,EVT_00073,294a5225a8301673_p053,Shah,Shah
294a5225a8301673,EVT_00073,294a5225a8301673_p053,BJP,BJP
294a5225a8301673,EVT_00073,294a5225a8301673_p056,Samajwadi Party,SP
294a5225a8301673,EVT_00073,294a5225a8301673_p056,Shah,Shah
294a5225a8301673,EVT_00073,294a5225a8301673_p059,BJP,BJP
294a5225a8301673,EVT_00073,294a5225a8301673_p060,BJP,BJP
294a5225a8301673,EVT_00073,294a5225a8301673_p062,BJP,BJP
294a5225a8301673,EVT_00073,294a5225a8301673_p069,Congress,Congress
294a5225a8301673,EVT_00073,294a5225a8301673_p069,Lok Sabha,Lok Sabha
294a5225a8301673,EVT_00073,294a5225a8301673_p069,government's,BJP
294a5225a8301673,EVT_00073,294a5225a8301673_p069,delimitation,delimitation
294a5225a8301673,EVT_00073,294a5225a8301673_p071,the Government,NDA
294a5225a8301673,EVT_00073,294a5225a8301673_p072,Gogoi,Gogoi
294a5225a8301673,EVT_00073,294a5225a8301673_p072,Arjun Ram Meghwal,Meghwal
294a5225a8301673,EVT_00073,294a5225a8301673_p072,Amit Shah,Shah
294a5225a8301673,EVT_00073,294a5225a8301673_p073,Arjun Ram Meghwal,Meghwal
294a5225a8301673,EVT_00073,294a5225a8301673_p073,Lok Sabha,Lok Sabha
294a5225a8301673,EVT_00073,294a5225a8301673_p078,Constitution amendment,Constitution
294a5225a8301673,EVT_00073,294a5225a8301673_p078,women quota law,quota law
294a5225a8301673,EVT_00073,294a5225a8301673_p078,Lok Sabha,Lok Sabha
294a5225a8301673,EVT_00073,294a5225a8301673_p079,Lok Sabha,Lok Sabha
294a5225a8301673,EVT_00073,294a5225a8301673_p079,"Constitution (One Hundred and Thirty-First Amendment) Bill, 2026",Constitution
294a5225a8301673,EVT_00073,294a5225a8301673_p079,women’s quota law,quota law
294a5225a8301673,EVT_00073,294a5225a8301673_p079,NDA,NDA
294a5225a8301673,EVT_00073,294a5225a8301673_p086,Congress,Con
294a5225a8301673,EVT_00073,294a5225a8301673_p086,BJP,BJP
294a5225a8301673,EVT_00073,294a5225a8301673_p089,DMK’s TR Baalu,Baalu
294a5225a8301673,EVT_00073,294a5225a8301673_p092,CPI(M),CPI
294a5225a8301673,EVT_00073,294a5225a8301673_p098,Dharmendra Yadav,Yadav
294a5225a8301673,EVT_00073,294a5225a8301673_p098,Samajwadi Party,SP
294a5225a8301673,EVT_00073,294a5225a8301673_p102,Arjun Ram Meghwal,Meghwal
294a5225a8301673,EVT_00073,294a5225a8301673_p102,Amit Shah,Shah
294a5225a8301673,EVT_00073,294a5225a8301673_p104,Lok Sabha,Loksabha
294a5225a8301673,EVT_00073,294a5225a8301673_p104,"Constitution (One Hundred and Thirty-First Amendment) Bill, 2026",Constitution131AmendmentBill2026
294a5225a8301673,EVT_00073,294a5225a8301673_p127,Chief Minister,Gogoi
294a5225a8301673,EVT_00073,294a5225a8301673_p133,Centre,Con
294a5225a8301673,EVT_00073,294a5225a8301673_p133,Nari Shakti Vandan Adhiniyam,NDA
2ca87d575006a16e,EVT_00067,2ca87d575006a16e_p006,Amit Shah,Shah
2ca87d575006a16e,EVT_00067,2ca87d575006a16e_p006,BJP MPs,BJP
2ca87d575006a16e,EVT_00067,2ca87d575006a16e_p010,PM Modi,Modi
2ca87d575006a16e,EVT_00067,2ca87d575006a16e_p010,Congress,Congress
2ca87d575006a16e,EVT_00067,2ca87d575006a16e_p022,Congress,Congress
2ca87d575006a16e,EVT_00067,2ca87d575006a16e_p022,Rajiv Gandhi,Gandhi
2ca87d575006a16e,EVT_00067,2ca87d575006a16e_p023,PM Modi,Modi
2ca87d575006a16e,EVT_00067,2ca87d575006a16e_p023,Congress,Congress
2ca87d575006a16e,EVT_00067,2ca87d575006a16e_p024,BJP,BJP
46510ab70edbf818,EVT_00062,46510ab70edbf818_p002,minister,S Jaishankar
5a27006c568b3c76,EVT_00007,5a27006c568b3c76_p009,Santrupt Mishra,Mishra
5a27006c568b3c76,EVT_00007,5a27006c568b3c76_p009,BJD,BD
5d189fbdbe97a770,EVT_00046,5d189fbdbe97a770_p004,Cong,Congress
5d189fbdbe97a770,EVT_00046,5d189fbdbe97a770_p008,Cong,Congress
60fbfc3511927142,EVT_00060,60fbfc3511927142_p003,Rahul Gandhi,Gandhi
60fbfc3511927142,EVT_00060,60fbfc3511927142_p003,Lok Sabha,Lok Sabha
60fbfc3511927142,EVT_00060,60fbfc3511927142_p010,Lok Sabha,Loksabha
60fbfc3511927142,EVT_00060,60fbfc3511927142_p010,government,Govt
60fbfc3511927142,EVT_00060,60fbfc3511927142_p013,Trinamool Congress,TMC
60fbfc3511927142,EVT_00060,60fbfc3511927142_p013,Lok Sabha,LS
60fbfc3511927142,EVT_00060,60fbfc3511927142_p016,Narendra Modi,Modi
60fbfc3511927142,EVT_00060,60fbfc3511927142_p021,MK Stalin,MK Stalin
70a8fcca9b1be0e4,EVT_00045,70a8fcca9b1be0e4_p003,Nari Shakti Vandan Adhiniyam,Nari Shakti Vadan Adhiyiyan
70a8fcca9b1be0e4,EVT_00045,70a8fcca9b1be0e4_p003,Lok Sabha,Lok Sabha
70a8fcca9b1be0e4,EVT_00045,70a8fcca9b1be0e4_p004,SP,SP
70a8fcca9b1be0e4,EVT_00045,70a8fcca9b1be0e4_p004,TMC,TMC
70a8fcca9b1be0e4,EVT_00045,70a8fcca9b1be0e4_p004,DMK,DMK
70a8fcca9b1be0e4,EVT_00045,70a8fcca9b1be0e4_p004,Left,Left
70a8fcca9b1be0e4,EVT_00045,70a8fcca9b1be0e4_p004,JMM,JMM
70a8fcca9b1be0e4,EVT_00045,70a8fcca9b1be0e4_p004,RJD,RJD
70a8fcca9b1be0e4,EVT_00045,70a8fcca9b1be0e4_p004,AAP,AAP
70a8fcca9b1be0e4,EVT_00045,70a8fcca9b1be0e4_p008,Lok Sabha,Lok Sabha
70a8fcca9b1be0e4,EVT_00045,70a8fcca9b1be0e4_p009,Congress,Congress
70a8fcca9b1be0e4,EVT_00045,70a8fcca9b1be0e4_p009,SP,SP
70a8fcca9b1be0e4,EVT_00045,70a8fcca9b1be0e4_p009,TMC,TMC
70a8fcca9b1be0e4,EVT_00045,70a8fcca9b1be0e4_p011,NDA,NDA
70a8fcca9b1be0e4,EVT_00045,70a8fcca9b1be0e4_p011,Lok Sabha,Lok Sabha
70a8fcca9b1be0e4,EVT_00045,70a8fcca9b1be0e4_p014,Samajwadi Party,SP
70a8fcca9b1be0e4,EVT_00045,70a8fcca9b1be0e4_p014,Akhilesh Yadav,Yadav
70a8fcca9b1be0e4,EVT_00045,70a8fcca9b1be0e4_p015,TMC,TMC
70a8fcca9b1be0e4,EVT_00045,70a8fcca9b1be0e4_p015,Lok Sabha,Lok Sabha
70a8fcca9b1be0e4,EVT_00045,70a8fcca9b1be0e4_p015,Derek O'Brien,O'Brien
714faae515f69bb3,EVT_00060,714faae515f69bb3_p002,Delimitation bill,Delimitation bill
714faae515f69bb3,EVT_00060,714faae515f69bb3_p002,Lok Sabha,Lok Sabha
714faae515f69bb3,EVT_00060,714faae515f69bb3_p013,NDA,NDA
714faae515f69bb3,EVT_00060,714faae515f69bb3_p013,Lok Sabha,Lok Sabha
714faae515f69bb3,EVT_00060,714faae515f69bb3_p014,NDA,NDA
714faae515f69bb3,EVT_00060,714faae515f69bb3_p019,Congress President Mallikarjun Kharge,Kharge
714faae515f69bb3,EVT_00060,714faae515f69bb3_p019,Delimitation bill,Delimitation bill
714faae515f69bb3,EVT_00060,714faae515f69bb3_p021,Congress leader Rahul Gandhi,Gandhi
714faae515f69bb3,EVT_00060,714faae515f69bb3_p021,Akhilesh Yadav,Yadav
714faae515f69bb3,EVT_00060,714faae515f69bb3_p026,Kiren Rijiju,Rajeev Chandrakhundri
714faae515f69bb3,EVT_00060,714faae515f69bb3_p026,Delimitation bill,delimitation bill
714faae515f69bb3,EVT_00060,714faae515f69bb3_p026,women’s reservation,reservation for women
714faae515f69bb3,EVT_00060,714faae515f69bb3_p026,required support,support
714faae515f69bb3,EVT_00060,714faae515f69bb3_p026,NDA,NDA
77f1c8cf3c0f63b4,EVT_00064,77f1c8cf3c0f63b4_p012,government,government
77f94c465dbddb5a,EVT_00064,77f94c465dbddb5a_p003,MK Stalin,MK Stalin
77f94c465dbddb5a,EVT_00064,77f94c465dbddb5a_p004,Congress,Congress
77f94c465dbddb5a,EVT_00064,77f94c465dbddb5a_p004,Samajwadi Party (SP),SP
77f94c465dbddb5a,EVT_00064,77f94c465dbddb5a_p004,Trinamool Congress (TMC),TMC
77f94c465dbddb5a,EVT_00064,77f94c465dbddb5a_p004,Dravida Munnetra Kazhagam (DMK),DMK
77f94c465dbddb5a,EVT_00064,77f94c465dbddb5a_p010,Congress,Congress
77f94c465dbddb5a,EVT_00064,77f94c465dbddb5a_p010,KC Venugopal,Venugopal
77f94c465dbddb5a,EVT_00064,77f94c465dbddb5a_p018,BJP,BJP
77f94c465dbddb5a,EVT_00064,77f94c465dbddb5a_p020,Congress president Mallikarjun Kharge,Mallikarjug Kharge
77f94c465dbddb5a,EVT_00064,77f94c465dbddb5a_p020,Congress,Congress
77f94c465dbddb5a,EVT_00064,77f94c465dbddb5a_p020,Women's reservation,Women's reservation
77f94c465dbddb5a,EVT_00064,77f94c465dbddb5a_p020,Delimitation provisions in the bill,Delimitation provisions in the bill
7832c3156564da3f,EVT_00007,7832c3156564da3f_p003,AIADMK,aiadmk
7832c3156564da3f,EVT_00007,7832c3156564da3f_p003,Edappadi K Palaniswami,edappadikpalaniswami
7832c3156564da3f,EVT_00007,7832c3156564da3f_p006,AIADMK,aiadmk
7832c3156564da3f,EVT_00007,7832c3156564da3f_p006,EDAPPADIKPALANIswami,edappadikpalaniswami
7832c3156564da3f,EVT_00007,7832c3156564da3f_p007,Dravidian Legacy,dravidianlegacy
7832c3156564da3f,EVT_00007,7832c3156564da3f_p007,New Wave,newwave
7832c3156564da3f,EVT_00007,7832c3156564da3f_p009,party,aiadmk
7832c3156564da3f,EVT_00007,7832c3156564da3f_p009,National Democratic Alliance (NDA),nada
7832c3156564da3f,EVT_00007,7832c3156564da3f_p010,SP Velumani,velumani
7832c3156564da3f,EVT_00007,7832c3156564da3f_p010,P Thangamani,thangamani
7832c3156564da3f,EVT_00007,7832c3156564da3f_p015,K.T. Rajenthra Bhalaji,rajenthra
7832c3156564da3f,EVT_00007,7832c3156564da3f_p015,Sivakasi,sivakasi
7832c3156564da3f,EVT_00007,7832c3156564da3f_p018,AIADMK,aiadmk
7832c3156564da3f,EVT_00007,7832c3156564da3f_p018,BJP,BJP
7832c3156564da3f,EVT_00007,7832c3156564da3f_p019,Dravida Munnetra Kazhagam (DMK),dmk
788e5ebf161efe3f,EVT_00073,788e5ebf161efe3f_p006,PTI,PTI
788e5ebf161efe3f,EVT_00073,788e5ebf161efe3f_p037,(SP chief Akhilesh Yadav),Akhilesh Yadav
795ac3f60182634b,EVT_00045,795ac3f60182634b_p004,Arjun Ram Meghwal,Meghwal
795ac3f60182634b,EVT_00045,795ac3f60182634b_p014,Lok Sabha,LS
7ab24c88bd556e0c,EVT_00033,7ab24c88bd556e0c_p001,Karnataka CM Siddaramaiah,Siddaramaiah
7ab24c88bd556e0c,EVT_00033,7ab24c88bd556e0c_p001,Congress,Congress
7ab24c88bd556e0c,EVT_00033,7ab24c88bd556e0c_p001,Naseer Ahmed,Naseer
7ab24c88bd556e0c,EVT_00033,7ab24c88bd556e0c_p009,Siddaramaiah,Siddaramaiah
7ab24c88bd556e0c,EVT_00033,7ab24c88bd556e0c_p009,Congress,Congress
7ab24c88bd556e0c,EVT_00033,7ab24c88bd556e0c_p013,BJP,BJP
7ab24c88bd556e0c,EVT_00033,7ab24c88bd556e0c_p013,Jagadish Shettar,Jagadish Shettar
7ab24c88bd556e0c,EVT_00033,7ab24c88bd556e0c_p014,Zameer Ahmed Khan,Ahmed
7ab24c88bd556e0c,EVT_00033,7ab24c88bd556e0c_p016,Congress,Congress
7ab24c88bd556e0c,EVT_00033,7ab24c88bd556e0c_p019,Congress,Congress
7ab24c88bd556e0c,EVT_00033,7ab24c88bd556e0c_p020,Siddaramaiah,siddaramaiah
7ab24c88bd556e0c,EVT_00033,7ab24c88bd556e0c_p020,BJP,BJP
8ae438ad0be3762a,EVT_00087,8ae438ad0be3762a_p009,Shariat law,Shariat
8ae438ad0be3762a,EVT_00087,8ae438ad0be3762a_p011,Shariat,Shariat
8ae438ad0be3762a,EVT_00087,8ae438ad0be3762a_p011,1937 law,1937
8ce738470035c289,EVT_00067,8ce738470035c289_p001,Rahul Gandhi,Gandhi
8ce738470035c289,EVT_00067,8ce738470035c289_p001,BJP chief Amit Shah,Shah
9ae0e353b9f731f1,EVT_00060,9ae0e353b9f731f1_p004,Uttar Pradesh,UP
9ae0e353b9f731f1,EVT_00060,9ae0e353b9f731f1_p004,Bihar,BR
9ae0e353b9f731f1,EVT_00060,9ae0e353b9f731f1_p004,Tamil Nadu,TN
9ae0e353b9f731f1,EVT_00060,9ae0e353b9f731f1_p004,Kerala,KA
9cbc3a7b463b109c,EVT_00073,9cbc3a7b463b109c_p001,Amit Shah,Shah
9cbc3a7b463b109c,EVT_00073,9cbc3a7b463b109c_p001,women's reservation bill,None
9cbc3a7b463b109c,EVT_00073,9cbc3a7b463b109c_p001,delimitation,None
9cbc3a7b463b109c,EVT_00073,9cbc3a7b463b109c_p001,Lok Sabha,Lok Sabha
9cbc3a7b463b109c,EVT_00073,9cbc3a7b463b109c_p003,Shah,Amit Shah
9cbc3a7b463b109c,EVT_00073,9cbc3a7b463b109c_p003,Lok Sabha,Lok Sabha
9cbc3a7b463b109c,EVT_00073,9cbc3a7b463b109c_p009,Shah,Amit Shah
a54d45f54c0b3a1c,EVT_00067,a54d45f54c0b3a1c_p005,Shah,Amit Shah
a54d45f54c0b3a1c,EVT_00067,a54d45f54c0b3a1c_p008,Amit Shah,Amit Shah
a54d45f54c0b3a1c,EVT_00067,a54d45f54c0b3a1c_p011,Shah,Amit Shah
a54d45f54c0b3a1c,EVT_00067,a54d45f54c0b3a1c_p011,Delimitation won’t reduce South's share in Lok Sabha,Amit Shah
a54d45f54c0b3a1c,EVT_00067,a54d45f54c0b3a1c_p012,Amit Shah,Amit Shah
a54d45f54c0b3a1c,EVT_00067,a54d45f54c0b3a1c_p012,Home Minister,Amit Shah
a54d45f54c0b3a1c,EVT_00067,a54d45f54c0b3a1c_p013,Union Home Minister,Home
a54d45f54c0b3a1c,EVT_00067,a54d45f54c0b3a1c_p013,Amit Shah,Shah
a54d45f54c0b3a1c,EVT_00067,a54d45f54c0b3a1c_p015,Shah,Amit Shah
a54d45f54c0b3a1c,EVT_00067,a54d45f54c0b3a1c_p015,Akhilesh Yadav,Akhilesh Yadav
a54d45f54c0b3a1c,EVT_00067,a54d45f54c0b3a1c_p015,Samajwadi Party,SP
aa6859d0074c37d4,EVT_00043,aa6859d0074c37d4_p002,Nitish,Kumar
aa6859d0074c37d4,EVT_00043,aa6859d0074c37d4_p011,Rashtriya Janata Dal,RJD
aa6859d0074c37d4,EVT_00043,aa6859d0074c37d4_p019,Nitish Kumar,Kumar
aa6859d0074c37d4,EVT_00043,aa6859d0074c37d4_p019,BJP,BJP
aa7427ed919fa400,EVT_00060,aa7427ed919fa400_p003,Amit Shah,Shah
aa7427ed919fa400,EVT_00060,aa7427ed919fa400_p003,Delimitation,Delimitation
aa7427ed919fa400,EVT_00060,aa7427ed919fa400_p009,Shah,Shah
aa7427ed919fa400,EVT_00060,aa7427ed919fa400_p009,Delimitation,Delimitation
aa7427ed919fa400,EVT_00060,aa7427ed919fa400_p009,Hindi Heartland,Heartland
ae4757bb96c0dc20,EVT_00110,ae4757bb96c0dc20_p002,BRS,BJR
ae4757bb96c0dc20,EVT_00110,ae4757bb96c0dc20_p002,YSR Congress,YCP
ae4757bb96c0dc20,EVT_00110,ae4757bb96c0dc20_p004,BRS,BJR
ae4757bb96c0dc20,EVT_00110,ae4757bb96c0dc20_p004,YSRCP,YCP
ae4757bb96c0dc20,EVT_00110,ae4757bb96c0dc20_p005,BRS,BRS
ae4757bb96c0dc20,EVT_00110,ae4757bb96c0dc20_p006,KTR,KTSSR
ae4757bb96c0dc20,EVT_00110,ae4757bb96c0dc20_p011,YSRCP,YCP
ae4757bb96c0dc20,EVT_00110,ae4757bb96c0dc20_p011,Reddy,Reddy
af9c233c50341db7,EVT_00031,af9c233c50341db7_p012,West Bengal,WB
af9c233c50341db7,EVT_00031,af9c233c50341db7_p012,Election Commission,EC
b03b0d527cced07b,EVT_00065,b03b0d527cced07b_p003,PM Modi,Modi
b03b0d527cced07b,EVT_00065,b03b0d527cced07b_p003,women's reservation bill,reservation bill
b03b0d527cced07b,EVT_00065,b03b0d527cced07b_p004,PM Modi,Modi
b03b0d527cced07b,EVT_00065,b03b0d527cced07b_p004,reservation bill,women's reservation and delimitation bill
b03b0d527cced07b,EVT_00065,b03b0d527cced07b_p010,Modi,Modi
b03b0d527cced07b,EVT_00065,b03b0d527cced07b_p010,reservation bill,reservation bill
b03b0d527cced07b,EVT_00065,b03b0d527cced07b_p010,women's reservation and delimitation bill,women's reservation and delimitation bill
b15b01acc3e4ca81,EVT_00073,b15b01acc3e4ca81_p001,Prime Minister Narendra Modi,PM Modi
b15b01acc3e4ca81,EVT_00073,b15b01acc3e4ca81_p001,Union Home Minister Amit Shah,Amit Shah
b6174bbcd1ffe6a4,EVT_00031,b6174bbcd1ffe6a4_p001,BJP,BJP
b6174bbcd1ffe6a4,EVT_00031,b6174bbcd1ffe6a4_p001,Trinamool Congress,TMC
b6174bbcd1ffe6a4,EVT_00031,b6174bbcd1ffe6a4_p001,Mamata Banerjee,MB
b6174bbcd1ffe6a4,EVT_00031,b6174bbcd1ffe6a4_p003,BJP,BJP
b6174bbcd1ffe6a4,EVT_00031,b6174bbcd1ffe6a4_p003,MB,BJP
b6174bbcd1ffe6a4,EVT_00031,b6174bbcd1ffe6a4_p003,TMC,TMC
b6174bbcd1ffe6a4,EVT_00031,b6174bbcd1ffe6a4_p004,BJP,BJP
b6174bbcd1ffe6a4,EVT_00031,b6174bbcd1ffe6a4_p004,Adhikari,Suvendu Adhikari
b6174bbcd1ffe6a4,EVT_00031,b6174bbcd1ffe6a4_p004,MB,MB
b6174bbcd1ffe6a4,EVT_00031,b6174bbcd1ffe6a4_p004,TMC,TMC
b6174bbcd1ffe6a4,EVT_00031,b6174bbcd1ffe6a4_p006,BJP,BJP
b6174bbcd1ffe6a4,EVT_00031,b6174bbcd1ffe6a4_p007,BJP,BJP
b6174bbcd1ffe6a4,EVT_00031,b6174bbcd1ffe6a4_p007,Narendra Modi,MB
b6174bbcd1ffe6a4,EVT_00031,b6174bbcd1ffe6a4_p007,Adhikari,Suvendu Adhikari
b6174bbcd1ffe6a4,EVT_00031,b6174bbcd1ffe6a4_p009,BJP,BJP
b6174bbcd1ffe6a4,EVT_00031,b6174bbcd1ffe6a4_p014,Adhikari,Suvendu Adhikari
b6174bbcd1ffe6a4,EVT_00031,b6174bbcd1ffe6a4_p014,BJP,MB
b9757cd076fcfca2,EVT_00065,b9757cd076fcfca2_p002,Delimitation,Delimitation
b9757cd076fcfca2,EVT_00065,b9757cd076fcfca2_p010,PM Modi,Modi
b9757cd076fcfca2,EVT_00065,b9757cd076fcfca2_p010,Delimitation,Delimitation
b9757cd076fcfca2,EVT_00065,b9757cd076fcfca2_p011,Delimitation,Delimitation
b9757cd076fcfca2,EVT_00065,b9757cd076fcfca2_p011,Modi,Modi
b9757cd076fcfca2,EVT_00065,b9757cd076fcfca2_p015,PM Modi,Modi
b9757cd076fcfca2,EVT_00065,b9757cd076fcfca2_p015,Delimitation,Delimitation
b9757cd076fcfca2,EVT_00065,b9757cd076fcfca2_p019,Modi,Modi
b9757cd076fcfca2,EVT_00065,b9757cd076fcfca2_p019,Delimitation Bill,Delimitation Bill
b9757cd076fcfca2,EVT_00065,b9757cd076fcfca2_p019,Women's quota law,Women's quota law
bb11c7da1413f9e1,EVT_00042,bb11c7da1413f9e1_p003,DMK,DMK
bb11c7da1413f9e1,EVT_00042,bb11c7da1413f9e1_p003,Parliament,Parliament
bb11c7da1413f9e1,EVT_00042,bb11c7da1413f9e1_p005,BJP,BJP
bb11c7da1413f9e1,EVT_00042,bb11c7da1413f9e1_p012,Union Home Minister Amit Shah,Shah
bb11c7da1413f9e1,EVT_00042,bb11c7da1413f9e1_p012,Karnataka's seats will rise from 28 to 42,Karnataka
bb11c7da1413f9e1,EVT_00042,bb11c7da1413f9e1_p012,Andhra Pradesh from 25 to 38,Andhra Pradesh
bb11c7da1413f9e1,EVT_00042,bb11c7da1413f9e1_p012,Telangana from 17 to 26,Telangana
bb11c7da1413f9e1,EVT_00042,bb11c7da1413f9e1_p012,Tamil Nadu from 39 to 59,Tamil Nadu
bb11c7da1413f9e1,EVT_00042,bb11c7da1413f9e1_p012,Kerala from 20 to 30,Kerala
bdf9e32579c4639a,EVT_00065,bdf9e32579c4639a_p003,PM Modi,Modi
bdf9e32579c4639a,EVT_00065,bdf9e32579c4639a_p003,Akhilesh Yadav,Akhilesh
bdf9e32579c4639a,EVT_00065,bdf9e32579c4639a_p016,Modi,Modi
bdf9e32579c4639a,EVT_00065,bdf9e32579c4639a_p016,Akhilesh,Akhilesh
c0c30a245169d134,EVT_00110,c0c30a245169d134_p004,AAP,AAP
c0c30a245169d134,EVT_00110,c0c30a245169d134_p004,Malvinder Singh Kang,Malvinder Singh Kang
c0c30a245169d134,EVT_00110,c0c30a245169d134_p010,AAP leader,AAP
c2764c087dd68eb5,EVT_00065,c2764c087dd68eb5_p003,Akhilesh ji,Akhilesh Yadav
c2764c087dd68eb5,EVT_00065,c2764c087dd68eb5_p003,PM Modi,PM Modi
c2764c087dd68eb5,EVT_00065,c2764c087dd68eb5_p015,PM Modi,PMModi
c2764c087dd68eb5,EVT_00065,c2764c087dd68eb5_p015,Akhilesh ji (Yadav),AkhileshYadav
c2764c087dd68eb5,EVT_00065,c2764c087dd68eb5_p015,SP chief,SP
c2764c087dd68eb5,EVT_00065,c2764c087dd68eb5_p015,Constitution,Constitution
cb1ecc0fc88ddbef,EVT_00073,cb1ecc0fc88ddbef_p003,Amit Shah,Shah
cb1ecc0fc88ddbef,EVT_00073,cb1ecc0fc88ddbef_p003,Delimitation Commission’s report,Delimitation Commission
cb1ecc0fc88ddbef,EVT_00073,cb1ecc0fc88ddbef_p006,Delimitation Commission,Del
cb1ecc0fc88ddbef,EVT_00073,cb1ecc0fc88ddbef_p006,Shah,Shah
cb1ecc0fc88ddbef,EVT_00073,cb1ecc0fc88ddbef_p009,Shah,Del
cb1ecc0fc88ddbef,EVT_00073,cb1ecc0fc88ddbef_p009,Delhi,Del
cb1ecc0fc88ddbef,EVT_00073,cb1ecc0fc88ddbef_p010,Delhi,Delhi
cb1ecc0fc88ddbef,EVT_00073,cb1ecc0fc88ddbef_p010,Telangana,Telangana
cb1ecc0fc88ddbef,EVT_00073,cb1ecc0fc88ddbef_p010,Tamil Nadu,Tamil Nadu
cb1ecc0fc88ddbef,EVT_00073,cb1ecc0fc88ddbef_p011,Tamil Nadu,None
cb1ecc0fc88ddbef,EVT_00073,cb1ecc0fc88ddbef_p011,Kerala,None
cb1ecc0fc88ddbef,EVT_00073,cb1ecc0fc88ddbef_p012,southern states,Del
da935e9808d3e636,EVT_00043,da935e9808d3e636_p001,BJP,BJP
da935e9808d3e636,EVT_00043,da935e9808d3e636_p001,Nitish Kumar,Nitish Kumar
da935e9808d3e636,EVT_00043,da935e9808d3e636_p002,Nitish,Nitish Kumar
da935e9808d3e636,EVT_00043,da935e9808d3e636_p002,Bihar CM 10 times,Bihar
e7832fb86b117644,EVT_00067,e7832fb86b117644_p002,home minister,Home
e7832fb86b117644,EVT_00067,e7832fb86b117644_p004,Bharatiya Janata Party,BJP
e7832fb86b117644,EVT_00067,e7832fb86b117644_p005,BJP,BJP
e7832fb86b117644,EVT_00067,e7832fb86b117644_p006,home minister,Home
e7832fb86b117644,EVT_00067,e7832fb86b117644_p008,Amit Shah,Shah
ed8e3934c6061d95,EVT_00043,ed8e3934c6061d95_p002,Bharatiya Janata Party (BJP),BJP
ed8e3934c6061d95,EVT_00043,ed8e3934c6061d95_p002,Samrat Chaudhary,Chaudhary
ed8e3934c6061d95,EVT_00043,ed8e3934c6061d95_p002,Nitish Kumar,Kumar
ed8e3934c6061d95,EVT_00043,ed8e3934c6061d95_p004,Nitish Kumar,Kumar
ed8e3934c6061d95,EVT_00043,ed8e3934c6061d95_p008,BJP,BJP
ed8e3934c6061d95,EVT_00043,ed8e3934c6061d95_p008,JD(U),JD
ed8e3934c6061d95,EVT_00043,ed8e3934c6061d95_p008,Samrat Chaudhary,Chaudhary
ed8e3934c6061d95,EVT_00043,ed8e3934c6061d95_p008,Nitish Kumar,Kumar
ed8e3934c6061d95,EVT_00043,ed8e3934c6061d95_p009,BJP,BJP
ed8e3934c6061d95,EVT_00043,ed8e3934c6061d95_p009,Chaudhary,Samrat Choudhary
ed8e3934c6061d95,EVT_00043,ed8e3934c6061d95_p010,Nitish Kumar,Kumar
ed8e3934c6061d95,EVT_00043,ed8e3934c6061d95_p010,BJP,BJP
ed8e3934c6061d95,EVT_00043,ed8e3934c6061d95_p012,Samrat Chaudhary ji,Chaudhary
ed8e3934c6061d95,EVT_00043,ed8e3934c6061d95_p012,NDA legislature party,NDP
ed8e3934c6061d95,EVT_00043,ed8e3934c6061d95_p013,BJP,BJP
edc8b4cd2fd7a460,EVT_00031,edc8b4cd2fd7a460_p002,BJP,BJP
edc8b4cd2fd7a460,EVT_00031,edc8b4cd2fd7a460_p002,Mamata Banerjee-led TMC,TMC
edc8b4cd2fd7a460,EVT_00031,edc8b4cd2fd7a460_p009,Congress,Congress
edc8b4cd2fd7a460,EVT_00031,edc8b4cd2fd7a460_p009,Adhir Ranjan Chowdhury,Chowdhury
edc8b4cd2fd7a460,EVT_00031,edc8b4cd2fd7a460_p010,BJP,BJP
edc8b4cd2fd7a460,EVT_00031,edc8b4cd2fd7a460_p010,Narendra Modi,Modi
edc8b4cd2fd7a460,EVT_00031,edc8b4cd2fd7a460_p012,Congress,Congress
edc8b4cd2fd7a460,EVT_00031,edc8b4cd2fd7a460_p012,Isha Khan Chowdhury,Chowdhury
edc8b4cd2fd7a460,EVT_00031,edc8b4cd2fd7a460_p015,BJP,BJP
edc8b4cd2fd7a460,EVT_00031,edc8b4cd2fd7a460_p015,Congress,Congress
edc8b4cd2fd7a460,EVT_00031,edc8b4cd2fd7a460_p016,Congress,Congress
edc8b4cd2fd7a460,EVT_00031,edc8b4cd2fd7a460_p016,TMC,TMC
f4cb9f11fa29d790,EVT_00060,f4cb9f11fa29d790_p002,Chidambaram,Chidambaram
f9db550e4b90f6ac,EVT_00042,f9db550e4b90f6ac_p002,national Congress,Congress
f9db550e4b90f6ac,EVT_00042,f9db550e4b90f6ac_p004,Congress,Congress
f9db550e4b90f6ac,EVT_00042,f9db550e4b90f6ac_p004,Delhi,Delhi
f9db550e4b90f6ac,EVT_00042,f9db550e4b90f6ac_p006,Prime Minister Narendra Modi,PM Modi
f9db550e4b90f6ac,EVT_00042,f9db550e4b90f6ac_p006,Union Home Minister Amit Shah,Amit Shah
f9db550e4b90f6ac,EVT_00042,f9db550e4b90f6ac_p006,Congress,Congress
f9db550e4b90f6ac,EVT_00042,f9db550e4b90f6ac_p006,Delhi,Delhi
f9db550e4b90f6ac,EVT_00042,f9db550e4b90f6ac_p011,party,Congress
f9db550e4b90f6ac,EVT_00042,f9db550e4b90f6ac_p013,Congress,Congress
f9db550e4b90f6ac,EVT_00042,f9db550e4b90f6ac_p013,TVK,TVK
f9db550e4b90f6ac,EVT_00042,f9db550e4b90f6ac_p014,TVK,TVK
f9db550e4b90f6ac,EVT_00042,f9db550e4b90f6ac_p014,Rahul Gandhi,Rahul Gandhi
f9db550e4b90f6ac,EVT_00042,f9db550e4b90f6ac_p016,Edappadi K Palaniswami,Palaniswami
f9db550e4b90f6ac,EVT_00042,f9db550e4b90f6ac_p018,Rahul Gandhi,Gandhi
f9db550e4b90f6ac,EVT_00042,f9db550e4b90f6ac_p018,Vijay,Vijay
f9db550e4b90f6ac,EVT_00042,f9db550e4b90f6ac_p019,BJP,BJP
f9db550e4b90f6ac,EVT_00042,f9db550e4b90f6ac_p019,AIADMK,AIADMK
fceb5de2f2e09c9f,EVT_00043,fceb5de2f2e09c9f_p005,BJP,BJP
fceb5de2f2e09c9f,EVT_00043,fceb5de2f2e09c9f_p012,Kumar,Nitish Kumar
fceb5de2f2e09c9f,EVT_00043,fceb5de2f2e09c9f_p017,BJP,BJP
fceb5de2f2e09c9f,EVT_00043,fceb5de2f2e09c9f_p017,Nitish Kumar,Nitish Kumar
fceb5de2f2e09c9f,EVT_00043,fceb5de2f2e09c9f_p020,Kumar,Kumar
fceb5de2f2e09c9f,EVT_00043,fceb5de2f2e09c9f_p020,Modi,Modi
fceb5de2f2e09c9f,EVT_00043,fceb5de2f2e09c9f_p020,Centre,Centre
fda519ceb89fc0e4,EVT_00043,fda519ceb89fc0e4_p002,Nitish Kumar,Nitish Kumar
fda519ceb89fc0e4,EVT_00043,fda519ceb89fc0e4_p002,BJP,BJP
fda519ceb89fc0e4,EVT_00043,fda519ceb89fc0e4_p005,Nitish Kumar,Nitish Kumar
fda519ceb89fc0e4,EVT_00043,fda519ceb89fc0e4_p006,Nitish Kumar,Nitish Kumar
fda519ceb89fc0e4,EVT_00043,fda519ceb89fc0e4_p006,BJP,BJP
fda519ceb89fc0e4,EVT_00043,fda519ceb89fc0e4_p013,Vijay Chaudhary,Chaudhary
fda519ceb89fc0e4,EVT_00043,fda519ceb89fc0e4_p013,Bijendra Prasad Yadav,Yadav
fda519ceb89fc0e4,EVT_00043,fda519ceb89fc0e4_p015,BJP,BJP
fda519ceb89fc0e4,EVT_00043,fda519ceb89fc0e4_p015,JD(U),JD
fda519ceb89fc0e4,EVT_00043,fda519ceb89fc0e4_p015,Yadav,Yadav
ffb5e55df68aa954,EVT_00065,ffb5e55df68aa954_p004,Prime Minister Narendra Modi,PM Modi
ffb5e55df68aa954,EVT_00065,ffb5e55df68aa954_p004,Priyanka Gandhi Vadra,Priya Gandhi Vadra
ffb5e55df68aa954,EVT_00065,ffb5e55df68aa954_p009,BJP,BJP
ffb5e55df68aa954,EVT_00065,ffb5e55df68aa954_p019,PM Modi,PMModi
ffb5e55df68aa954,EVT_00065,ffb5e55df68aa954_p019,Congress,Congress
ffb5e55df68aa954,EVT_00065,ffb5e55df68aa954_p021,Prime Minister,PMModi
ffb5e55df68aa954,EVT_00065,ffb5e55df68aa954_p028,Prime Minister,PMModi
ffb5e55df68aa954,EVT_00065,ffb5e55df68aa954_p030,PM Modi,Modi
ffdfada494eb4174,EVT_00045,ffdfada494eb4174_p001,TDP State,TDP
ffdfada494eb4174,EVT_00045,ffdfada494eb4174_p001,Palla Srinivasa Rao,Srinivasa Rao
fffa3fa866d842d8,EVT_00007,fffa3fa866d842d8_p002,BJP,BJP
fffa3fa866d842d8,EVT_00007,fffa3fa866d842d8_p002,Assam,Assam
fffa3fa866d842d8,EVT_00007,fffa3fa866d842d8_p002,BJP,BJP
fffa3fa866d842d8,EVT_00007,fffa3fa866d842d8_p002,assembly,assembly
fffa3fa866d842d8,EVT_00007,fffa3fa866d842d8_p002,2026,2026
fffa3fa866d842d8,EVT_00007,fffa3fa866d842d8_p004,Himanta Biswa Sarma,Sarma
fffa3fa866d842d8,EVT_00007,fffa3fa866d842d8_p004,BJP,BJP
fffa3fa866d842d8,EVT_00007,fffa3fa866d842d8_p010,Congress,Congress
fffa3fa866d842d8,EVT_00007,fffa3fa866d842d8_p010,BJP,BJP
